,meaning1,meaning2,realizations
0,(gun)powder,quick,1
1,(gun)powder,small quantity of something,1
2,August,harvest,3
3,Coleus (Plectranthus) rotundifolius,potato,1
4,Easter,ladybird,1
5,"Gipsy, Gypsy",to ask (for),1
6,"Gipsy, Gypsy",to deceive,1
7,"Gipsy, Gypsy",to nomadize,2
8,Jesuit,cunning person,1
9,Jupiter,Thursday,3
10,Mars,Tuesday,3
11,Mercury,Wednesday,3
12,Mercury,mercury,1
13,Samsara,wife,1
14,Saturday,week,3
15,Thai crape myrtle,guava (Psidium guajava),1
16,Turk,dandelion,1
17,Turk,"heathen, pagan",1
18,Turk,moslem,2
19,Turk,swearword,1
20,Venus,Friday,4
21,above,additional,2
22,acorn,clubs (in cards),1
23,"act, deed",drama (theatre),1
24,active,clever,1
25,active,keen (of senses),1
26,acute (of sound),spicy,1
27,affair,battle,5
28,ahead,elder,1
29,"aim, goal",goal (sport result),3
30,air,appearance; look,1
31,air,aër (veil covering vessels in the Orthodox Church),1
32,air,environment,2
33,"albumen, white of an egg",protein,7
34,alder (tree),blood,1
35,algae,"many, much",1
36,alive,active,3
37,almond,tonsil,16
38,alone,god,1
39,alone,monk,1
40,alone,"only, just",6
41,always,nevertheless,1
42,always,still (adv.),3
43,amber,electricity,3
44,anathema,swearword,2
45,ancestor,bear (Ursus),1
46,animal,bear (Ursus),1
47,animal,fool,1
48,animal bladder,glass (material),1
49,animal yield,"property, possessions",1
50,ankle bone for playing,spool,1
51,ant,to grow numb,1
52,any,bad,2
53,apple,knee,1
54,apple,potato,6
55,arc,bow (weapon),8
56,arc,rainbow,2
57,armpit,corner,1
58,armpit,gulf,1
59,arrow,bullet,10
60,arrow,diamonds (in cards),1
61,arrow,lightning,1
62,arrow,rainbow,1
63,arrow,spades (in cards),1
64,ash (tree),maple,1
65,atheist,cruel,4
66,atheist,scoundrel,2
67,attack (n.),attack of disease,5
68,attentive,sober,1
69,aunt (father's sister),fever,1
70,aunt (father's sister),lady,1
71,aunt (mother's sister),smallpox,1
72,aunt (mother's sister),widow,1
73,autumn,sad,1
74,autumn,year,5
75,back (body part),book back,1
76,back (body part),height (of a person),2
77,back (body part),loins,2
78,back (body part),"mountain ridge, edge",24
79,back (body part),plateau,1
80,back (body part),support (n.),5
81,back of the head,back of the axe head,2
82,back of the head,hill,1
83,backwards,again,5
84,bad (ethically),bear (Ursus),2
85,bad weather,mushroom,1
86,barley,bread,1
87,barley,oat,1
88,barley,sty (on the eye),11
89,barrel,Boletus edulis,1
90,barrel,fat (adj.)(of a person),1
91,barrier,diaphragm,1
92,basket,chest (body part),1
93,bat (Microchiroptera),"poor, needy",1
94,bathroom,toilet,6
95,battle,"dispute, discussion",1
96,bead,cataract (of the eye),1
97,beak,cock (of a gun),1
98,beak,face,1
99,beak,well sweep,1
100,bear (Ursus),hedgehog (Еrinaceus),1
101,beard,chin,2
102,beard,moustache,2
103,beard,"plait, braid",1
104,bearded man,bearded vulture,1
105,beautiful,beloved,1
106,beautiful,good,14
107,bed,garden bed,8
108,bed,river-bed,8
109,bee,"industrious, diligent person",2
110,bee,sugar,2
111,bee swarm,crowd (of people),3
112,beehive,cannon (weapon),1
113,beetle,common starling,1
114,beetle,insect,1
115,beetle,pupil (of an eye),1
116,before,ancestor,1
117,behind,North,3
118,behind,after,9
119,bell,bellflower (Campanula),1
120,bell,eye socket,1
121,bell,"watch, clock",1
122,belly,beehive,1
123,belly,body,1
124,belly,centre,1
125,belly,generation,1
126,belly,middle,3
127,belly,pregnant,2
128,belly,river-bed,1
129,beloved,husband,2
130,belt,rainbow,2
131,bench,garden bed,1
132,benediction,will (legal document),1
133,big,boss,3
134,big,difficult,1
135,big,great,15
136,big,"grown-up, adult",4
137,big,"high (size), tall",4
138,big,important,4
139,big,main,3
140,big,middle finger,1
141,big,of high rank,1
142,big,proud,1
143,big,to grow up,2
144,"bile, gall",poison,4
145,birch,bird cherry tree,1
146,bird,airplane,1
147,bird,cock (of a gun),1
148,bird,"happiness, luck",1
149,bird,"sign, designation",3
150,bird,to tell a person's fortune,1
151,bird Nectarinia gutturalis,drunkard,1
152,bird cherry tree,hearts (in cards),1
153,"biscuit, cookie",diamonds (in cards),1
154,bitter,angry,3
155,bitter,beautiful,2
156,bitter,bitterling,1
157,bitter,pain,1
158,bitter,sad,18
159,black,Saturn,1
160,black,bad,6
161,black,bear (Ursus),1
162,black,guilty,2
163,black,illegal,12
164,black,lovely,2
165,black,"many, much",2
166,black,married,1
167,black,pupil (of an eye),1
168,black,sad,6
169,black,smut (plant disease),1
170,black,venous,1
171,black,very,2
172,black,"vulgar, common",2
173,black,woman,1
174,black cloud,sad,1
175,black cloud,sponge,2
176,black radish,root vegetable,1
177,blade,wave,1
178,blind,blunt,4
179,blind,horse-fly (Tabanidae),1
180,blind,mute,1
181,blind,"solid, entire, continuous",1
182,blind alley,deadlock,1
183,blister,cell (in biology),1
184,blood,ethnic group,1
185,blood,kinship,4
186,blood,revenge,1
187,blood vessel,muscle,3
188,blue,bruise,5
189,blue,cornflower (Centaurea),1
190,blue,eggplant (Solanum melongena),1
191,blue,gay,1
192,blue,sad,2
193,blunt,stupid,18
194,blunt,toothless,1
195,"board, plank",shield,2
196,body,"agency, authority",2
197,body,penis,2
198,body,self,2
199,body,wife,1
200,body part,"cell (of a political party, organization)",2
201,body part,syllable,1
202,bone,foot/leg,6
203,bone,kinship,2
204,bone,lean,1
205,bone,needle,3
206,bone,skeleton,1
207,bone,stone (of a fruit),6
208,bone,strong,1
209,border,"country, land",2
210,boss,bear (Ursus),2
211,boss,husband,1
212,bottom,foundation ditch,1
213,bottom,shoes' soles,1
214,bottom of a dress,mountain foot,1
215,bow (weapon),"bow, fiddlestick",25
216,bow (weapon),clavicle,1
217,bow (weapon),fire-arms,4
218,bow-legged,bear (Ursus),1
219,bow-string,chord (geometry),1
220,bow-string,hypotenuse,1
221,bowel,string (of a musical instrument),3
222,"bowels, intestine",brave,1
223,"bowels, intestine",close (of relations),1
224,"bowels, intestine",location of emotions,3
225,"bowels, intestine",sausage,3
226,"box, container",chest (body part),1
227,"box, container",coffin,11
228,boy,servant,20
229,brain (cerebrum),liquid,1
230,brain (cerebrum),mind (n.),9
231,"branch, twig",spur of mountain,1
232,"branch, twig",tribe,8
233,"branch, twig",trouser-leg,1
234,brave,active,1
235,breathing,animal,2
236,breathing,person,2
237,breathing,skill,1
238,brick (n.),diamonds (in cards),1
239,bride,daughter-in-law,5
240,"brilliant, glaring",clever,5
241,broken,insane,2
242,broom,comet,1
243,brothel,"disorder, mess",3
244,brother,member of religious organisation,1
245,brother,son,1
246,brown,suntanned,1
247,bug (Heteroptera),short person,1
248,bull,arrogant,1
249,bull,bittern (Botaurus),5
250,bull,bullhead,1
251,bull,moose,1
252,bull,strong man (?),2
253,bully,crested lark,2
254,burdock,importunate,1
255,"bush, shrub",bouquet,1
256,butterfly,anxious,1
257,butterfly,butterfly fish,4
258,buttock,butt of the rifle,1
259,buttock,genitalia,1
260,buttock,lower part,1
261,buttock,wagtail (Motacilla),1
262,button (on a dress),push button,11
263,cage,cell (in biology),3
264,calf of a leg,butt of the rifle,1
265,calm,bear (Ursus),1
266,calm,cheerful,1
267,calm,dead (adj.),4
268,camel,bishop (chess),1
269,camel,glutton,1
270,camel,humpbacked,1
271,camel,ostrich,1
272,camp,army,1
273,"can, to be able",strong,1
274,"can, to be able",to endure,1
275,"can, to be able",to win,2
276,candle,spark plug,2
277,carriage,automobile,6
278,carriage,railcar,7
279,cat,anchor,3
280,cat,catkin,3
281,cat,vagina,3
282,caterpillar,caterpillar track,2
283,cattle,bad person,9
284,cauldron,cannon (weapon),2
285,cauldron,hell,1
286,cauldron,spades (in cards),1
287,cave,den (of thieves etc.),1
288,ceiling,palate,2
289,celery,parsley,1
290,cell (of honeycomb),cell (in biology),6
291,cellar,clandestine activity,1
292,chaff,useless thing,5
293,chameleon,"hypocrite, dissembler",1
294,chameleon,to falsify,1
295,cheap,"vulgar, common",1
296,cheek,jaw,4
297,cheek,mountain slope,3
298,cheek-bone,doorpost,2
299,cheerful,gay,1
300,chest (body part),memory,1
301,chest (body part),mountain slope,5
302,child (son or daughter),bee swarm,2
303,child (son or daughter),interest (finance),9
304,child (son or daughter),little finger,2
305,child (son or daughter),orphan,1
306,child (son or daughter),people (pl.),1
307,child (son or daughter),pupil (of an eye),1
308,chip,spoon,1
309,chopped billet,base for beheading,7
310,cigar,dragonfly,1
311,circle,"apartment, flat",1
312,circle,eye,1
313,circle,finger-ring,2
314,circle,year,1
315,clapper of a bell,penis,2
316,"clasp, buckle",fibula (anat.),3
317,clay,"human temper, character",1
318,clean (adj.),beautiful,2
319,clean (adj.),empty,2
320,clean (adj.),honest,4
321,clean (adj.),saint,1
322,clean (adj.),sober,1
323,clean (adj.),"totally, absolutely",4
324,clever,"doctor, physician",3
325,clever,"grown-up, adult",1
326,clever,old (vs. young),1
327,closed,cloudy,1
328,closed,dark (adj.),2
329,cloud,cataract (of the eye),1
330,cloud,freckle,1
331,clover,clubs (in cards),1
332,coal,anthrax,2
333,coal,smut (plant disease),4
334,cock (of a gun),trigger (of a gun),7
335,cockroach,gay,1
336,cold,calm,1
337,cold,cold (disease),4
338,cold,"fearful, dreadful",1
339,cold,"friendly, amicable",3
340,cold,hostile,6
341,cold,in vain,1
342,cold,indifferent,10
343,cold,unpleasant,3
344,colour,timbre,1
345,comb,"charger, cartridge clip",1
346,comb,honeycomb,1
347,comb,reed (in loom),3
348,comb (of a bird),cap peak,1
349,comet,kite (lightweight toy),2
350,common quail,corn crake,1
351,"common, shared by several people",bad (ethically),2
352,"common, shared by several people",vulgar,3
353,condemned to death,hooligan,1
354,conversation,"custom, habit",1
355,copper,tin (n.),1
356,copper,zinc,1
357,corn crake,lean,1
358,corner,gulf,2
359,corner,jaw,1
360,corner,kneepit,1
361,corpse,bad (ethically),2
362,"corral, enclosure for cattle",herd,1
363,correct (adj.),rich,1
364,cotton,sheep,4
365,"country, land",chapter (of a book),1
366,"country, land","people, nation",3
367,"country, land",village,3
368,"country, land",wife,1
369,court (of a sovereign),tribunal,2
370,"cousin (male, cross-)",fool,1
371,"cover, lid",cover (of a book),1
372,"cover, lid",deck (of a ship),1
373,"cover, lid",eyelid,2
374,cow,squirrel (Sciurus),2
375,crane (Grus),lifting machine,12
376,crane (Grus),pickaxe,1
377,crane (Grus),scatterbrain,1
378,crocodile,dangerous,1
379,crocodile,greedy,1
380,cross (n.),clubs (in cards),8
381,cross (n.),sacrum (bone),1
382,crow,clubs (in cards),1
383,crow,spades (in cards),3
384,crown (n.),comb (of a bird),1
385,crown (n.),queen (bee),1
386,crown (n.),top/crown (of a tree),1
387,cuckoo,Eurasian hoopoe,1
388,cuckoo,ladybird,1
389,curly-headed,Jewish,1
390,currant-bush,buckthorn (Frangula),1
391,curtain,cataract (of the eye),5
392,curved,cunning person,1
393,curved,insane,1
394,curved,lame person,1
395,curved,to be guilty,1
396,"custom, habit",menstruation,1
397,dark (adj.),bad,2
398,dark (adj.),blind,2
399,dark (adj.),gloomy,11
400,dark (adj.),ignorant,13
401,dark (adj.),incomprehensible,10
402,dark (adj.),strong (of liquid or smell),1
403,darkness,west,1
404,daughter,Aloe vera (plant),3
405,daughter,doll,2
406,day,24 hours,7
407,deaf,stupid,15
408,deaf,to grow numb,1
409,deep,dark (adj.),2
410,deep,"earnest, serious",1
411,deep,rich,1
412,deep,saturated (of colour),9
413,deer,horse (Equus caballus),3
414,deer,sheep,2
415,desert (n.),hardship,1
416,dew,rain,4
417,dew,tears,1
418,diamond,rhombus,1
419,difficult,pregnant,1
420,direction,"sense, perception",2
421,dirty,bad (ethically),16
422,dirty,evil spirit,3
423,do not see,"to hate, to dislike",1
424,"dock-tailed, tailless",old (vs. young),1
425,dog,bad person,7
426,dog,cock (of a gun),4
427,dog,horse (Equus caballus),1
428,dog,poisonous,1
429,dog,police officer,5
430,dog,seal (animal),2
431,dog,trigger (of a gun),4
432,dog,whore,4
433,dog,wolf,1
434,doll,larva,1
435,doll,mandrel (technology),1
436,doll,pupil (of an eye),4
437,donkey,fool,15
438,doomsday,"tumult, turmoil",2
439,door,chapter (of a book),6
440,door,kind (n.),1
441,door,"manner, way",2
442,door,mouth (of a river),1
443,door,on the outside,1
444,door,ravine,1
445,door,strait,1
446,dough,money,2
447,dragon,kite (lightweight toy),20
448,drama (theatre),distressing event,1
449,drinking vessel,hearts (in cards),1
450,drone,"idler, loafer",7
451,drop (n.),full stop,1
452,drunk,great bilberry (Vaccinium uliginosum),1
453,dry,abstinent (from alcohol),3
454,dry,bad,1
455,dry,boring,4
456,dry,cruel,1
457,dry,dry (wine),10
458,dry,emotionless,7
459,dry,empty,3
460,dry,fatless,1
461,dry,having no milk,4
462,dry,in vain,2
463,dry,land (vs. sea),1
464,dry,lean,13
465,dry,lenten (fare),4
466,dry,obstinate,1
467,dry,paralyzed,2
468,dry,sad,1
469,dry,severe,2
470,duck,newspaper hoax,9
471,duck,to follow unthinkingly,1
472,duckweed,"to walk, wander",1
473,dust,(gun)powder,2
474,dust,pollen,6
475,eagle-owl (Bubo bubo),clubs (in cards),1
476,ear,cock (of a gun),2
477,ear,gills,1
478,ear,"handle, gripe",2
479,ear,hare (Lepus),1
480,ear,hearing,9
481,ear,listener,3
482,ear,mind (n.),1
483,ear,"opening, hole",9
484,ear,shoehorn,1
485,ear,tuning peg,1
486,early,morning,3
487,earring,catkin,2
488,earth,mother,2
489,earth,year,19
490,earth oven,prison,1
491,"earth, soil","country, land",39
492,"earth, soil",distance,2
493,edge,"country, land",4
494,edge,last,1
495,egg,larva,1
496,egg,potato,2
497,egg,testicle,17
498,eggplant (Solanum melongena),tomato (Solanum lycopersicum),4
499,elbow,bend (of a river),5
500,elbow,crossroads,1
501,elbow,unit of length,15
502,elder,ace (playing card),1
503,elder,boss,1
504,elder brother,member of criminal organisation,1
505,elephant,bishop (chess),3
506,elephant,good,2
507,elephant,marble goby (Oxyeleotris marmorata),1
508,ember,red,2
509,empty,desert (n.),1
510,empty,hungry,1
511,empty,idle,3
512,empty,in vain,15
513,empty,poor,1
514,empty,pot,1
515,empty,stupid,2
516,empty,to stop doing smth.,1
517,empty,unmarried,1
518,end,completion,5
519,end,ending (in grammar),4
520,end,territorial entity,1
521,enemy,cunning person,1
522,enemy,evil spirit,5
523,enemy,war,3
524,error,danger,1
525,erysipelas,glasswort,1
526,evening,"party, soiree",2
527,evening,west,4
528,exact,to be alike,4
529,exchange,peace,1
530,expensive,lovely,12
531,eye,bud (on a twig),10
532,eye,burner,1
533,eye,"cavity, hollow",4
534,eye,eminent man,1
535,eye,evil eye,3
536,eye,eye of typhoon,3
537,eye,headlight (of a car),2
538,eye,look (n.),3
539,eye,loop,8
540,eye,observer,4
541,eye,oil particle,3
542,eye,"opening, hole",20
543,eye,peephole,1
544,eye,planet,1
545,eye,small object,1
546,eye,spectacles,1
547,eye,"spot, pip (on playing cards or dice)",9
548,eye,"spring, fountain",6
549,eye,spy,1
550,eye,sun,1
551,eye,supervision,9
552,eye,vision,8
553,eye,whirlpool,1
554,eye,window,4
555,eyebrow,hill,1
556,eyelash,"ear, spike (of a grain plant)",1
557,eyelash,edge,2
558,face,conscience,3
559,face,direction,2
560,face,front part,4
561,face,"manner, way",2
562,face,mountain slope,2
563,face,person,6
564,face,sharp point,1
565,face,side (n.),1
566,face,surface,8
567,face,"to govern, control, rule",1
568,faeces,bad,1
569,fairy tale,"false, wrong",2
570,falcon,bully,1
571,family,child (son or daughter),2
572,family,wife,1
573,fan (hand-held),common redstart,1
574,fan (hand-held),electrical fan,4
575,fan (hand-held),"leaf (of door, window)",1
576,fan palm (Pritchardia pacifica),umbrella,1
577,farmer,jack (playing card),1
578,farmer,pawn (in chess),7
579,fat (adj.)(of a person),rich,5
580,fat (n.),cataract (of the eye),1
581,father,amazing,1
582,father,ancestor,17
583,father,beginning,1
584,father,big,5
585,father,boss,11
586,father,"cause, reason",1
587,father,father-in-law,10
588,father,founder,21
589,father,god,7
590,father,influential person,1
591,father,monarch,1
592,father,owner,4
593,father,sir,2
594,"fearful, dreadful",big,3
595,"fearful, dreadful",very,9
596,"fearful, dreadful",wolf,1
597,feather,arrow,1
598,feather,fin,4
599,feather,leaf,2
600,feather,moss,1
601,fellow traveller,spouse,1
602,female calf,girl,3
603,field,battle,2
604,field,wife,1
605,field,year,1
606,"fine, powder-like","little, small",1
607,finger/toe,"salient part, ledge",1
608,finger/toe,sleeve,1
609,finger/toe,spoke of wheel,3
610,finger/toe,unit of length,10
611,fire,Mars,1
612,fire,electricity,4
613,fire,hell,1
614,fire,inflammation,10
615,fire,to shoot,13
616,fire,very,1
617,fire,war,1
618,fireplace,garden bed,1
619,"firm, solid",closed,1
620,"firm, solid",healthy,4
621,"firm, solid",quick,1
622,"firm, solid","reliable, trustworthy",1
623,fish,animal,1
624,fish,lightning,1
625,fish,muscle,3
626,fisherman,osprey (Pandion haliaёtus),2
627,fist,handful,4
628,flank (body part),mountain slope,7
629,flat (adj),simple,3
630,flat (adj),stupid,2
631,flat (adj),unfunny,2
632,flexible,quick,1
633,flower,bastard,1
634,flower,beautiful,1
635,flower,best,3
636,flower,colour,1
637,flower,cunning person,1
638,flower,fire,1
639,flower,fireworks,1
640,flower,smallpox,3
641,flute,Eurasian skylark,1
642,flute,shinbone,2
643,fly (n.),clubs (in cards),1
644,foam,"chatter, idle talk",1
645,fool,fanatic,1
646,foot,mountain foot,6
647,foot,sediment,1
648,foot,unit of length,4
649,foot/leg,basis,3
650,foot/leg,branch (of a river),4
651,foot/leg,cock (of a gun),1
652,foot/leg,foot-wear,1
653,foot/leg,hand (of a clock),1
654,foot/leg,jack (playing card),1
655,foot/leg,mouth (of a river),1
656,foot/leg,"salient part, ledge",1
657,foot/leg,spur of mountain,1
658,foot/leg,"step (of a staircase, step-ladder)",1
659,foot/leg,"step, pace",3
660,foot/leg,wheel,2
661,"footprint, track",affair,1
662,"footprint, track",road,6
663,"footprint, track",scar,1
664,"footprint, track","sign, designation",1
665,forbidden,bastard,1
666,forehead,front (during the war),2
667,forehead,front part,10
668,forehead,"happiness, luck",1
669,forehead,mountain slope,2
670,forehead,"salient part, ledge",1
671,forehead,side (n.),1
672,forelock,hill,1
673,forest,bear (Ursus),2
674,forest,to hunt,1
675,forest,toilet,1
676,forest,"wild, untamed",1
677,fortress,prison,3
678,"foundation, basement",main,1
679,fox (Vulpes vulpes),chanterelle,2
680,fox (Vulpes vulpes),trigger (of a gun),1
681,free,"can, to be able",4
682,free,cheap,1
683,free,free of charge,3
684,freedom,territorial entity,1
685,fresh,active,1
686,friend,beloved,5
687,friend,musk-deer (Moschus moschiferus),3
688,friend,tiger,1
689,frog,breaststroke,3
690,frog,lock (n.),1
691,frog,toad,2
692,fruit,child (son or daughter),5
693,fruit,"result, outcome",9
694,fruit,testicle,1
695,full,drunk,8
696,funny,strange,5
697,furuncul,fig,1
698,garbage,large quantity,1
699,garbage,lumpen,1
700,garbage,police officer,1
701,garbage,unimportant,1
702,garden,kindergarten,6
703,gate,town,1
704,"genuine, true",own (of a relative),1
705,gilt,lovely,1
706,girl,dragonfly,2
707,girl,pupil (of an eye),9
708,girl,queen (playing card),1
709,glass (material),eye,1
710,glass (material),mirror,46
711,glass (material),spectacles,3
712,glutton,wolverine,12
713,goat,drinking vessel,1
714,goat,hare (Lepus),2
715,goat,sabrefish,2
716,god,smallpox,3
717,goddess,wife,1
718,gold,bear (Ursus),1
719,gold,measles,1
720,goldsmith,dragonfly,2
721,good,"kind, good-hearted",5
722,good,new,1
723,good,"sweets, candy",1
724,good,very,5
725,good,ОК,3
726,"grain, seed",freckle,3
727,"grain, seed",novice,1
728,"grain, seed",pip (disease of birds),2
729,"grain, seed","rash, eruption",2
730,"grain, seed",sty (on the eye),3
731,"grain, seed",testicle,4
732,grandchild,wolf,1
733,grandfather,ancestor,8
734,grandfather,dragonfly,1
735,grandfather,father-in-law,2
736,grandfather,house spirit,1
737,grandfather,old man,27
738,grandfather,soldier who is approaching demobilization,2
739,grandfather,tiger,1
740,grandfather,woodland spirit,2
741,grandmother,dragonfly,1
742,grandmother,mandrel (technology),1
743,grandmother,old woman,5
744,grandmother,smallpox,3
745,grandmother,"witch, sorceress",1
746,grandparent,elephant,1
747,grandparent,tiger,1
748,granule,small quantity of something,2
749,grass,cannabis,4
750,grass,oregano,1
751,grass,spring (season),1
752,greasy,cream (of milk),1
753,greasy,fat (adj.)(of a person),14
754,greasy,fertile (soil),11
755,greedy,deaf,2
756,greedy,"missing, failing",2
757,green,child (son or daughter),1
758,green,fresh,1
759,green,inexperienced,3
760,green,plant (biol.),3
761,green,unripe (fruit),8
762,green,young,10
763,grey,heavy (of weight),2
764,"grown-up, adult",boss,1
765,guest,disease,2
766,guest,menstruation,2
767,hair,grass,1
768,hair,hair (of animals),7
769,hair,"happiness, luck",1
770,hair,head,1
771,hair,respect (n.),1
772,hair,"rope, string, cord, lashing",1
773,hammer,molar (tooth),2
774,hand,move (board games),2
775,hand/arm,boss,1
776,hand/arm,branch (of a river),9
777,hand/arm,finger/toe,1
778,hand/arm,flank (military),2
779,hand/arm,group of men,1
780,hand/arm,hand (of a clock),1
781,hand/arm,handwriting,2
782,hand/arm,kind (n.),2
783,hand/arm,"manner, way",1
784,hand/arm,part,1
785,hand/arm,"power, authority",12
786,hand/arm,ray,2
787,hand/arm,side (n.),5
788,hand/arm,"skilful, dexterous",1
789,hand/arm,strait,1
790,hand/arm,strength,3
791,hand/arm,"trunk, proboscis (of elephant)",7
792,"handle, gripe",wing,1
793,happy,strong,1
794,"hard, solid",good,1
795,"hard, solid",obstinate,6
796,"hard, solid",persistent,4
797,"hard, solid",severe,14
798,hare (Lepus),gay,1
799,hare (Lepus),moon,3
800,hare (Lepus),pacemaker (running),10
801,"harm, damage",to deceive,1
802,hawthorn,blackthorn,1
803,hawthorn,dog-rose,1
804,haymaking (time),Eurasian hoopoe,1
805,he,bear (Ursus),1
806,head,beginning,8
807,head,boss,16
808,head,chapter (of a book),5
809,head,"ear, spike (of a grain plant)",3
810,head,edge,2
811,head,face,2
812,head,"heading, title",1
813,head,headstream,6
814,head,kind (n.),1
815,head,mind (n.),15
816,head,money,3
817,head,nail-head,10
818,head,nipple (part of the breast),1
819,head,one piece (at counting),7
820,head,plot of land,1
821,head,roof,1
822,head,round object,6
823,head,side (n.),3
824,head,table of contents,1
825,head,top,1
826,healthy,brave,1
827,healthy,competent,2
828,healthy,sober,3
829,healthy,sun,1
830,"heap, pile","many, much",2
831,heart,belly,1
832,heart,brave,6
833,heart,by heart,1
834,heart,clapper of a bell,1
835,heart,essence,2
836,heart,impudence,1
837,heart,inside,4
838,heart,mind (n.),7
839,heart,stone (of a fruit),2
840,"heathen, pagan",buckwheat,1
841,heavy (of weight),bad,3
842,heavy (of weight),"bass, low-pitched voice",3
843,heavy (of weight),bothering,1
844,heavy (of weight),difficult,20
845,heavy (of weight),"earnest, serious",1
846,heavy (of weight),important,14
847,heavy (of weight),insulting,3
848,heavy (of weight),pregnant,16
849,heavy (of weight),rich,1
850,heavy (of weight),slow (adj.),2
851,heavy (of weight),strong,2
852,heavy (of weight),"stuffy, close",8
853,heavy (of weight),stupid,1
854,heavy (of weight),very,4
855,hedgehog (Еrinaceus),chestnut,2
856,hedgehog (Еrinaceus),rat,2
857,heel (of a foot),behind,2
858,heel (of a foot),edge,2
859,heel (of a foot),end,1
860,heel (of a foot),"footprint, track",1
861,heel (of a foot),heel (of a shoe),11
862,heel (of a foot),hoof,1
863,height (of a person),age,2
864,hell,experience of great suffering,3
865,hell,glutton,2
866,hen,vagina,1
867,hen,whore,2
868,hermit,Boletus edulis,1
869,herring,police officer,1
870,high (location),high-pitched,7
871,high (location),of high rank,6
872,high (location),proud,4
873,"high (size), tall",expensive,1
874,"high (size), tall",loud,15
875,hill,tomb,5
876,hoar-frost,grey hair,1
877,honey,sweet (taste),1
878,hoof,foot/leg,2
879,hoof,hearts (in cards),1
880,horn,branch (of a river),1
881,horn,cape,2
882,horn,flank (military),1
883,horn,peak of mountain,4
884,horn,ravine,1
885,horn,spout of vessel,1
886,horn,swelling (on skin),1
887,horned,deer,1
888,horse (Equus caballus),big,2
889,horse (Equus caballus),dragonfly,1
890,horse (Equus caballus),flatbread,1
891,horse (Equus caballus),knight (chess),14
892,horse (Equus caballus),wave,1
893,"horseman, rider",knight (chess),5
894,"horseman, rider","noble rank, title",3
895,hot,active,8
896,hot,angry,12
897,hot,difficult,1
898,hot,fever,5
899,hot,fresh,2
900,hot,"friendly, amicable",3
901,hot,hoarse,1
902,hot,passionate,19
903,hot,recent,3
904,hot,spicy,2
905,hot,to succeed,1
906,hour,"watch, clock",5
907,house,coffin,1
908,house,family,9
909,house,husband,2
910,house,inheritance,1
911,house,motherland,1
912,house,native land,1
913,house,tomb,4
914,house,verse,2
915,house,wife,6
916,hump (of a person or camel),peak of mountain,1
917,humpbacked,"mosquito, gnat",1
918,hungry,greedy,2
919,hunter,bishop (chess),3
920,hunter,wolf,1
921,hyena,glutton,1
922,ice,glass (material),1
923,"idler, loafer",sloth (South American mammal),28
924,"idler, loafer",track idler wheel,2
925,"ill, sick, not well",moon,1
926,"ill, sick, not well",wrong,1
927,immature fish,inexperienced,1
928,incomplete,insane,1
929,inflated,"false, wrong",1
930,inflated,proud,6
931,innocent,child (son or daughter),1
932,insane,to be keen of,2
933,insect,wolf,2
934,"instrument, tool",weapon,4
935,intact,normal,2
936,intact,pure,1
937,iron,anchor,4
938,iron,black,1
939,iron,"firm, solid",1
940,iron,iron (for pressing clothes),3
941,iron,scissors,1
942,iron,sword,1
943,iron,"trap, snare (n.)",1
944,iron,weapon,3
945,jaw,blade,3
946,jaw,sleigh,1
947,jay,siberian jay,1
948,jerboa,weak,1
949,jester,bishop (chess),2
950,"jewel, precious stone",eye,2
951,"jewelry, precious thing",penis,1
952,"jewelry, precious thing",talent,2
953,"joint, articulation",generation,4
954,"joint, articulation",node (part of a plant stem),1
955,"joint, articulation",tribe,2
956,jumper,knight (chess),2
957,juniper,wild rosemary,1
958,key (of a door),clavicle,1
959,key (of a door),keystone,6
960,key (of a door),"tap, faucet",2
961,kilogram,100 units of currency,2
962,kite,kite (lightweight toy),4
963,kite (lightweight toy),flying fish,1
964,knee,genitalia,2
965,knee,strong,1
966,knot,contract,2
967,ladle,"shoulder-blade, scapula",1
968,ladybird,"firebug, Pyrrhocoris apterus",1
969,lame person,drunk,1
970,land (vs. sea),bottom,3
971,land (vs. sea),floor (vs. ceiling),5
972,lap,"protection, patronage",1
973,lap,vagina,2
974,lap (of clothes),mountain slope,1
975,last,next,1
976,"lavish, generous",fertile (soil),1
977,"lavish, generous",influential person,1
978,"lead, plumbum",pencil,2
979,leaf,blade,2
980,leaf,crucian,1
981,leaf,"leaf (of door, window)",2
982,leaf,letter (text),1
983,leaf,money,1
984,leaf,oar,2
985,leaf,sheet of paper,15
986,leaf,spades (in cards),1
987,lean,fatless,11
988,leech,creditor,1
989,leech,extortioner,1
990,left,bad,1
991,left,bad luck,3
992,left,impolite,2
993,left,left (political),11
994,left,west,1
995,left,wrong,3
996,length,longitude,1
997,lenten (fare),fatless,1
998,lentil,lens,4
999,letter (character),reverse side of a coin,1
1000,letter (text),signature,1
1001,life,death,2
1002,lifting machine,"tap, faucet",6
1003,light (n.),electricity,4
1004,light (n.),world,4
1005,light (of colour),clever,5
1006,light (of colour),comprehensible,17
1007,light (of colour),glad,4
1008,light (of colour),high-pitched,1
1009,light (of colour),honest,1
1010,light (of colour),sober,1
1011,light (of weight),cheap,3
1012,light (of weight),frivolous,2
1013,light (of weight),not strong (of liquid or smell),1
1014,light (of weight),simple,18
1015,light (of weight),unimportant,3
1016,lightning,electricity,11
1017,line,"footprint, track",1
1018,line,trait,4
1019,lineage,offspring,1
1020,lion (Panthera leo),brave person,6
1021,lion (Panthera leo),monarch,2
1022,lip,beak,1
1023,lip,edge,4
1024,lip,word,4
1025,liquid (adj.),high-pitched,1
1026,liquid (adj.),sparse,4
1027,liquid (adj.),weak,1
1028,literally,figuratively,3
1029,little finger,branch (of a river),1
1030,"little, small",aunt (mother's sister),1
1031,"little, small","detailed, thorough",2
1032,"little, small",little finger,4
1033,"little, small",low (social),1
1034,"little, small",stupid,1
1035,"little, small",younger,1
1036,lock (n.),keystone,2
1037,locked,strong (of liquid or smell),1
1038,long (size),far away,2
1039,long (size),"high (size), tall",7
1040,long (size),woodland spirit,1
1041,long-armed,thief,1
1042,look (n.),"instant, moment",1
1043,lord,god,13
1044,lord,"you (pronoun 2 sg., polite)",5
1045,lost,dead (adj.),1
1046,lotus,beautiful,2
1047,lotus,beloved,1
1048,lotus,shower head,2
1049,loud,severe (about pain),1
1050,low (location),bad,3
1051,low (location),bad (ethically),11
1052,low (location),"bass, low-pitched voice",1
1053,low (location),deep,2
1054,low (location),embroidery on the hem,1
1055,low (location),low (social),5
1056,low (location),meek,2
1057,low (location),of low rank,4
1058,low (location),old (vs. new),1
1059,low (location),weak,1
1060,low (size),quiet (vs. loud),10
1061,low (social),bad (ethically),1
1062,lower part,south,5
1063,lower part,west,1
1064,lower reach (of river),North,1
1065,lung,sponge,1
1066,magpie (Pica pica),"happiness, luck",1
1067,magpie (Pica pica),talkative person,7
1068,maize,cone (fruit),1
1069,male (animal),door bolt,1
1070,man,courage,3
1071,man,husband,35
1072,man,main,1
1073,mane,"mountain ridge, edge",6
1074,mango,syphilis,1
1075,"mangy, scabby",bad,4
1076,"manufacturer, producer","commodity, goods",1
1077,"many, much",very,11
1078,market,Sunday,6
1079,market,noise,2
1080,marrow,core (of plant),7
1081,marten,money,2
1082,mask,larva,2
1083,mat,whore,4
1084,meat,fruit pulp,10
1085,meat,kinship,1
1086,"melody, tune",behaviour,2
1087,mental hospital,"disorder, mess",2
1088,messenger,angel,2
1089,metal,gold,2
1090,metal,money,1
1091,metal spike,pike (fish),1
1092,middle,Wednesday,1
1093,middle,boundary (of land plots),1
1094,middle,middle finger,2
1095,middle,to act as intermediary,1
1096,milk,"milk-tooth, deciduous tooth",2
1097,milk,milt (of fish),6
1098,milk,"resin; pitch, tar",1
1099,milk,sap (of a plant),2
1100,mill (n.),molar (tooth),2
1101,mind (n.),joke,2
1102,mind (n.),memory,6
1103,mine (underground tunnel),mine (explosive device),9
1104,miracle,mirror,1
1105,mirror,mirror (website),9
1106,mirror,spectacles,6
1107,misfortune,wolf,1
1108,"missing, failing",stupid,2
1109,"mist, fog",cataract (of the eye),2
1110,mistress of a house,"mistress, paramour",2
1111,mistress of a house,wife,5
1112,moisture,"profit, gain (n.)",1
1113,monarch,bride,1
1114,monarch,goldcrest,1
1115,monarch,king (a playing card),5
1116,monarch,mesentery,1
1117,monarch,queen (bee),11
1118,monk,donut,2
1119,monk,macereed (Typha),1
1120,monkey,"ugly, unpleasant",7
1121,monster (abnormal creature),cruel,8
1122,moon,Monday,7
1123,moon,calendar,1
1124,moon,date,1
1125,moon,horseshoe,1
1126,moon,menstruation,11
1127,moon,month,259
1128,moon,silver,1
1129,moon,sunflower,1
1130,moon,time,1
1131,moon,white,1
1132,morning,day,1
1133,morning,east,1
1134,morning,spring (season),1
1135,mortal,person,5
1136,"mosquito, gnat",ant,1
1137,mother,daughter,2
1138,mother,goddess,3
1139,mother,main,2
1140,mother,old woman,2
1141,mother,original,4
1142,mother,queen (bee),1
1143,mother,sister,1
1144,mother,smallpox,4
1145,mother,wet-nurse,1
1146,mother,widow,1
1147,mountain,cloud,1
1148,mountain,forest,17
1149,mountain,monastery,1
1150,mouse,birthmark,1
1151,mouse,child (son or daughter),1
1152,mouse,computer mouse,27
1153,mouse,muscle,8
1154,moustache,barbel,1
1155,moustache,tendril (of plant),2
1156,mouth,beak,5
1157,mouth,blade,1
1158,mouth,completion,1
1159,mouth,edge,6
1160,mouth,face,8
1161,mouth,fast (n.),2
1162,mouth,"herald, messenger",2
1163,mouth,impudence,1
1164,mouth,mouth (of a river),10
1165,mouth,"opening, hole",20
1166,mouth,ravine,4
1167,mouth,speech,11
1168,mouth,vacancy,1
1169,mud,faeces,14
1170,mud,penis,1
1171,mud,sweat,1
1172,"muddy, turbid (of water) (?)",to fornicate,1
1173,"muddy, turbid (of water) (?)","to worry, be agitated",2
1174,mule,sterile,1
1175,muscle,strength,1
1176,mushroom,Boletus edulis,3
1177,mute,stupid,6
1178,mute,talkative person,2
1179,muzzle,face,3
1180,muzzle,mouth (of a river),1
1181,nail (body part),finger/toe,4
1182,nail (body part),nail (metal spike),2
1183,nail (metal spike),"screw, screw-bolt",2
1184,"naked, bare",bald,7
1185,"naked, bare",bareback,1
1186,"naked, bare","deprived of, lacking",4
1187,"naked, bare",insolent,1
1188,"naked, bare","only, just",2
1189,"naked, bare",poor,3
1190,"naked, bare",raw,1
1191,name,kind (n.),4
1192,name,reputation,3
1193,nameless,ring finger,5
1194,"narrow, close",greedy,3
1195,navel,belly,2
1196,navel,bottom,1
1197,navel,centre,18
1198,navel,keystone,2
1199,navel,lower part,1
1200,navel,pole (geographical),1
1201,navel,stone (of a fruit),1
1202,navel,whirlpool,1
1203,navy,dark blue,1
1204,near,cheap,1
1205,near,close (of relations),9
1206,near,stupid,2
1207,necessary,suitable,1
1208,neck,crossroads,1
1209,neck,isthmus,3
1210,neck,mountain pass,5
1211,neck,"mountain ridge, edge",2
1212,neck,neck (of bottle etc.),11
1213,needle,shuttle (weaving instrument),2
1214,neighbour,fever,1
1215,nest (n.),bed,9
1216,nettle (Urtica),"medusa, jellyfish",2
1217,new,strange,1
1218,next,second (num.),1
1219,night,24 hours,3
1220,night-blindness,common buttercup (Ranunculus acris),1
1221,night-blindness,scarlet pimpernel (Anagallis arvensis),1
1222,"nimble, deft, quick",comfortable,1
1223,noble,bear (Ursus),1
1224,noble,free,2
1225,noon,south,12
1226,nose,angry,1
1227,nose,beak,10
1228,nose,beginning,2
1229,nose,boss,1
1230,nose,cape,13
1231,nose,corner,1
1232,nose,end,2
1233,nose,front part,14
1234,nose,informer,1
1235,nose,muzzle,4
1236,nose,nostril,9
1237,nose,penis,1
1238,nose,sense of smell,6
1239,nose,sharp point,1
1240,nose,snot,3
1241,now,recently,1
1242,now,soon,2
1243,number,date,2
1244,"nut, hazel",potato,1
1245,"nut, hazel",testicle,2
1246,oar,to row (with oars),1
1247,ocean,foreign,1
1248,official (n.),dragonfly,1
1249,oil (food),"petroleum, oil",2
1250,old man,husband,9
1251,old man,king (a playing card),1
1252,old man/grandfather,bear (Ursus),15
1253,old woman,wife,9
1254,omen,monster (abnormal creature),2
1255,one (unit),ace (playing card),3
1256,one (unit),"only, just",1
1257,onion,potato,1
1258,"only, just","but, however",3
1259,open (adj.),frank,4
1260,open (adj.),light (of colour),5
1261,"opening, hole",defect,1
1262,"opening, hole",genitalia,1
1263,opposite,"false, wrong",1
1264,organ (anatomy),"agency, authority",2
1265,orphan,farm laborer,3
1266,orphan,unique,1
1267,other,friend,1
1268,other,hostile,1
1269,other,left,1
1270,overcoat,fool,2
1271,owl,police officer,1
1272,owner,husband,7
1273,owner,spirit,4
1274,owner,tiger,2
1275,owner,wife,3
1276,owner,woodland spirit,1
1277,"owre, buffalo (Bubalus bubalis)",old man,1
1278,pain,disease,1
1279,pain,very,1
1280,"paint, dye (n.)",colour,9
1281,palace,transport station,2
1282,palm (body part),destiny,1
1283,palm (body part),palm (tree),9
1284,palm (body part),threshing floor,1
1285,paper,book (n.),2
1286,paper,document (n.),12
1287,paper,playing cards,2
1288,part,beloved,2
1289,part,body part,2
1290,part,byte,1
1291,part,destiny,15
1292,part,relative (n.),1
1293,participant in the ritual wedding procession,young man,1
1294,pass (document allowing admission),letter (text),1
1295,pawn (in chess),"puppet, lay figure",2
1296,pea,hail,1
1297,pear,electric lamp,1
1298,pear,fool,1
1299,pear,potato,2
1300,"pellicle, membrane",cataract (of the eye),3
1301,"pellicle, membrane",cloud,1
1302,"pellicle, membrane","film, movie",5
1303,pericarp of a lotus,middle finger,3
1304,period of time,age,8
1305,period of time,destiny,1
1306,person,husband,1
1307,person,person (grammar),12
1308,person,servant,5
1309,person of small stature,Japanese,1
1310,phosphorus,match (for fire),4
1311,pig (Sus scrofa),animal,1
1312,pig (Sus scrofa),bad person,7
1313,pig (Sus scrofa),barbel,1
1314,pig (Sus scrofa),glutton,2
1315,pig (Sus scrofa),haystack,1
1316,pig (Sus scrofa),police officer,3
1317,pig (Sus scrofa),slattern,13
1318,pigeon (Columba),maize,1
1319,pigeon (Columba),moth,2
1320,pillow,birch bolete (Leccinum scabrum),1
1321,pilot sucker,creditor,1
1322,pimple,nipple (part of the breast),1
1323,pink,good,2
1324,pink,happy,3
1325,pit,prison,2
1326,pit,tomb,14
1327,plant (biol.),(gun)powder,3
1328,plant (biol.),"drug, medicine",4
1329,"plough, ard",unit of area,1
1330,plum,tonsil,1
1331,poetry,"false, wrong",1
1332,poison,anger,2
1333,poisonous,magic,1
1334,poisonous,sarcastic,5
1335,pole (long stick),boss,1
1336,pole (long stick),tall person,3
1337,police officer,jack (playing card),1
1338,poor,"rude, impolite",1
1339,poor,unhappy,8
1340,pope,ruff (fish),1
1341,poplar (Populus alba),abies (Abies),1
1342,potato,testicle,2
1343,"power, authority","country, land",3
1344,powerless,furious,3
1345,"precipice, abyss",hell,2
1346,predator,wolf,1
1347,pregnant,fraught with consequences,3
1348,"present, gift",talent,3
1349,price,honour,3
1350,priest (Christianity),Boletus edulis,1
1351,priest (Christianity),dandelion,2
1352,priest (Christianity),dung-beetle,1
1353,priest (Christianity),king (a playing card),2
1354,promise (n.),will (legal document),2
1355,prophet,mantis,2
1356,pumpkin,diamonds (in cards),1
1357,puppy (of a dog),clove (of a garlic),1
1358,puppy (of a dog),inexperienced,9
1359,pure,frank,1
1360,pure,"genuine, true",1
1361,pure,good,2
1362,pure,honest,1
1363,pure,husband,1
1364,pure,"naked, bare",1
1365,queen,queen (playing card),1
1366,quick,good,1
1367,quick,hare (Lepus),1
1368,quick,hot-tempered,2
1369,quick,swift (bird),1
1370,quick,urgent,2
1371,quick,very,1
1372,quiet (vs. loud),slow (adj.),10
1373,"rag, duster (?)",clothes,2
1374,"rag, duster (?)",whore,1
1375,rainbow,iris (anatomy),1
1376,ram,battering-ram,9
1377,ram,brave person,1
1378,raw,"false, wrong",2
1379,raw,inexperienced,3
1380,raw,"rude, impolite",5
1381,ready,enough,4
1382,red,arterial,1
1383,red,beautiful,5
1384,red,"naked, bare",1
1385,red,newborn baby,1
1386,red,rich,1
1387,red,socialist or communist,11
1388,reed,penis,1
1389,reed,reed (in loom),2
1390,rhinoceros,tank (armour),1
1391,rib,"mountain ridge, edge",1
1392,rib,mountain slope,1
1393,rib,reed (in loom),1
1394,rib,rib (part of a ship’s framework),1
1395,rib,side (n.),1
1396,rib,spouse,1
1397,rich,numerous,2
1398,ridgepole,middle finger,1
1399,right (vs. left),best,1
1400,right (vs. left),polite,1
1401,right (vs. left),right (political),10
1402,right (vs. left),south,9
1403,river,Milky Way,1
1404,road,Milky Way,1
1405,road,"manner, way",23
1406,road,"meaning, sense",1
1407,road,"rule, regulations",1
1408,room,cell (in biology),11
1409,room,cell (of honeycomb),3
1410,room,house,2
1411,rooster,brave person,3
1412,rooster,bully,6
1413,rooster,chanterelle,1
1414,rooster,cock (of a gun),18
1415,rooster,penis,2
1416,rooster,"tap, faucet",6
1417,root (of a plant),basis,18
1418,root (of a plant),book back,1
1419,root (of a plant),breed,2
1420,root (of a plant),courage,1
1421,root (of a plant),family,2
1422,root (of a plant),mountain foot,3
1423,root (of a plant),origin,8
1424,root (of a plant),root (arithmetic),1
1425,root (of a plant),root of equation,1
1426,root (of a plant),root of tooth,1
1427,"rope, string, cord, lashing","duty, responsibility",2
1428,"rope, string, cord, lashing",snake,1
1429,"rope, string, cord, lashing",split (gymnastics),4
1430,"rope, string, cord, lashing",unit of length,6
1431,rose,erysipelas,2
1432,rotten,lazy,1
1433,rotten,unreliable,1
1434,"rough, uneven",difficult,2
1435,"rough, uneven","rude, impolite",10
1436,"rough, uneven",sour,1
1437,round (adj.),entire,4
1438,round (adj.),lovely,1
1439,ruff,ruff (bird),1
1440,ruff,ruff (fish),1
1441,runner,millstone,2
1442,runner,shuttle (weaving instrument),1
1443,rural,vulgar,6
1444,rust (n.),defect,1
1445,rusty,bad,1
1446,"sack, bag",head,1
1447,"sack, bag",scrotum,8
1448,sacred,sacrum (bone),5
1449,saddle,saddleback,1
1450,saint,"devil, satan",1
1451,salt,"meaning, sense",2
1452,salt,sea,9
1453,sand,coast,1
1454,sand,"many, much",1
1455,sated by food,drunk,1
1456,sated by food,to be fed up with,2
1457,"satiated, full",insolent,4
1458,"satiated, full",rich,2
1459,"satiated, full",saturated (with something),1
1460,"satiated, full",to be sure,1
1461,saw,"mountain ridge, edge",1
1462,"scales,  weighing machine",testicle,1
1463,"scanty, not numerous",low (social),1
1464,"scanty, not numerous",stupid,1
1465,"scanty, not numerous",tasteless,1
1466,scorpion,hand (of a clock),2
1467,"screw, screw-bolt","joint, articulation",1
1468,sediment,lumpen,4
1469,sediment,something bad,1
1470,servant,I,8
1471,servant,jack (playing card),5
1472,shadow,"phantom, ghost",8
1473,shadow,"protection, patronage",2
1474,shadow,"reflection (in the mirror, water)",3
1475,shadow theatre,cinema,1
1476,shallow,light (of colour),1
1477,shallow,poor,1
1478,shame,genitalia,7
1479,"shape, form","figure, stature",1
1480,shapeless,"ugly, unpleasant",5
1481,sharp,acute (of sound),7
1482,sharp,angry,5
1483,sharp,bad,1
1484,sharp,bitter,3
1485,sharp,clever,13
1486,sharp,dangerous,1
1487,sharp,hot,2
1488,sharp,iron,1
1489,sharp,keen (of senses),10
1490,sharp,passionate,2
1491,sharp,pungent (odour),8
1492,sharp,sad,1
1493,sharp,severe,4
1494,sharp,severe (about pain),2
1495,sharp,sharpshooter,1
1496,sharp,spicy,14
1497,sharp,steep,1
1498,sharp,strong,5
1499,sharp,strong (of liquid or smell),1
1500,sharp,valid,1
1501,sharp point,boss,1
1502,sharpshooter,clever,2
1503,sheep,"kind, good-hearted",1
1504,shell,money,3
1505,shell,sink (basin for holding water for washing),1
1506,shell,spoon,3
1507,shepherd,fool,1
1508,shield,plaice (fish),1
1509,shoal,troop (of animals),7
1510,shooter,bishop (chess),1
1511,short (size),brief,15
1512,short (size),"missing, failing",1
1513,short (size),poor,1
1514,shoulder,branch (of a river),4
1515,shoulder,degree (unit of measurement),1
1516,shoulder,"help, aid (n.)",1
1517,shoulder,mountain slope,5
1518,shoulder,support (n.),1
1519,"shout, scream",unit of length,1
1520,"shrimp, prawn",clove (of a garlic),1
1521,shuttle (weaving instrument),geometrid,1
1522,shuttle (weaving instrument),shuttle (in a sewing machine),1
1523,sickle,July,1
1524,sickle,harvest time,3
1525,side (n.),cheek,1
1526,side (n.),"country, land",1
1527,side (n.),page,11
1528,side (n.),political party,2
1529,sieve (n.),pure,1
1530,"sign, designation","betrothal, engagement",1
1531,"sign, designation",genitalia,3
1532,"sign, designation",miracle,3
1533,silver,bear (Ursus),1
1534,silver,nickel,1
1535,silver,tin (n.),1
1536,simple,stupid,2
1537,simultaneously,immediately,1
1538,sin,foreskin,1
1539,sin,misfortune,1
1540,single-eyed,squint-eyed,1
1541,sizing tool,"rule, regulations",8
1542,skin (of a person),torso,1
1543,skirt,whore,1
1544,skirt,woman,6
1545,sky,bed canopy,6
1546,sky,dead (adj.),1
1547,sky,destiny,3
1548,sleeve,branch (of a river),4
1549,slow (adj.),meek,1
1550,slow (adj.),stupid,2
1551,smell (n.),fame,2
1552,smell (n.),"perfume, scent",3
1553,smoke,abberation of mind,2
1554,smoke,arrogance,3
1555,smoke,dust,2
1556,smoke,house,3
1557,smooth,thick,1
1558,snail,spiral,1
1559,snake,eel (Anguilla anguilla),1
1560,snake,"guileful, crafty person",6
1561,snake,hose,1
1562,snake,lamprey (Petromyzontidae),1
1563,snake,otter (Lutra lutra),1
1564,snake,queue,1
1565,sod (stratum of soil),oath,1
1566,soft (adj.),coward,1
1567,soft (adj.),lenient,1
1568,soft (adj.),not strong (of liquid or smell),2
1569,soft (adj.),quiet (vs. loud),1
1570,soft (adj.),tasteless,1
1571,soft (adj.),tender (adj.),14
1572,soldier,jack (playing card),1
1573,soldier,pawn (in chess),25
1574,soldier,police officer,2
1575,soldier,"soldier (plan, Stratiotes)",1
1576,"sole, unique",best,1
1577,son,soldier,1
1578,soon,almost,4
1579,soul,butterfly,2
1580,soul,person,10
1581,soul,"phantom, ghost",3
1582,sound,fame,3
1583,sour,angry,3
1584,sour,proud,1
1585,sour,sad,8
1586,south,front part,2
1587,"spade, shovel",oar,7
1588,"spade, shovel","shoulder-blade, scapula",4
1589,spark,firefly,1
1590,spear,arrow,1
1591,spear,bullet,1
1592,spear,sting (n.),5
1593,spear,sword,1
1594,sphere; ball,bullet,9
1595,spicy,sad,1
1596,spindle,dragonfly,2
1597,spool,shuttle (weaving instrument),2
1598,spoon,tadpole,2
1599,"spot, stain",disgrace,3
1600,"spot, stain",place,2
1601,spring (season),summer,1
1602,"spring, fountain",origin,10
1603,spruce (Picea),horsetail,1
1604,square (geometrical),diamonds (in cards),1
1605,squirrel (Sciurus),ladybird,1
1606,squirrel (Sciurus),weasel (Mustella nivalis),1
1607,stairs,stirrup,2
1608,stammerer,fool,1
1609,star,North,1
1610,star,celebrity,12
1611,star,destiny,2
1612,star,kite (lightweight toy),1
1613,star,letter (character),1
1614,star,starfish,2
1615,state (condition),state (sovereign polity),1
1616,"steam, vapour",sweat,1
1617,steep,insolent,3
1618,stem (of a plant),"handle, gripe",1
1619,stem (of a plant),strain (microbiology),4
1620,"step (of a staircase, step-ladder)","stage, phase",1
1621,"step, pace",move (board games),1
1622,"step, pace",unit of length,8
1623,stepson,sucker (botany),1
1624,stick (n.),punishment,1
1625,stick (n.),unit of length,11
1626,still (adv.),nevertheless,3
1627,sting (n.),penis,2
1628,stomach,appetite,1
1629,stone (material),glass (material),2
1630,stone (material),sky,1
1631,stone (of a fruit),"cause, reason",1
1632,stone (of a fruit),secret (n),1
1633,stone (piece of rock),balance weight on scale,1
1634,stone (piece of rock),bullet,2
1635,stone (piece of rock),colour,1
1636,stone (piece of rock),fool,1
1637,stone (piece of rock),hail,1
1638,stone (piece of rock),prison,1
1639,stone (piece of rock),stone (of a fruit),5
1640,stone (piece of rock),testicle,3
1641,"stopper, plug",baby,3
1642,"stopper, plug",traffic jam,9
1643,storehouse; depo,shop,1
1644,stork (Ciconia),tall person,1
1645,storm,epidemic,1
1646,storm,scandal,3
1647,storm,winter,4
1648,straight,correct (adj.),13
1649,straight,honest,11
1650,straight,right (vs. left),4
1651,straight,to succeed,1
1652,strange,funny,1
1653,"stranger, foreign",strange,3
1654,straw,penis,1
1655,street,whore,1
1656,strength,army,4
1657,string (of a musical instrument),chord (music),1
1658,strong,clever,2
1659,strong,good,2
1660,strong,husband,1
1661,strong,influential person,1
1662,strong,noble,1
1663,strong,numerous,2
1664,strong,strong (of liquid or smell),7
1665,strong,very,8
1666,stump (of tree),fool,1
1667,stump (of tree),share; stock,2
1668,sulfur,match (for fire),3
1669,summer,year,7
1670,sun,Sunday,5
1671,sun,day,52
1672,sun,east,1
1673,sun,father,1
1674,sun,"happiness, luck",1
1675,sun,sunflower,1
1676,sun,"watch, clock",1
1677,sunflower,influential person,1
1678,swallow (bird),shuttle (weaving instrument),1
1679,sweat,blood,1
1680,sweat,forehead,1
1681,sweat,work (n.),3
1682,sweet (taste),fresh (of water),12
1683,sweet (taste),lovely,17
1684,sweet (taste),own (of a relative),1
1685,sweet (taste),to be indulgent,1
1686,sweet potato (Ipomoea batatas),potato,5
1687,"sweet-smelling, fragrant",good,2
1688,sweetheart,wife,2
1689,swelling (on skin),potato,1
1690,sword,"plough, ard",1
1691,syllable,byte,1
1692,table; desk,flat (adj),1
1693,table; desk,meal (process),4
1694,tail,accomplice,2
1695,tail,behind,1
1696,tail,branch (of a river),1
1697,tail,consequence,1
1698,tail,"handle, gripe",4
1699,tail,navel,1
1700,tail,penis,6
1701,tail,"plait, braid",1
1702,tail,queue,7
1703,tail,rear end,2
1704,tail,scarf,2
1705,tail,stem (of a plant),1
1706,tail,to follow logically,1
1707,tail fat (of sheep),hearts (in cards),1
1708,tailed,"witch, sorceress",1
1709,tailor's thimble,foxglove (Digitalis L.),4
1710,tambourine,diamonds (in cards),1
1711,tank (closed container for liquids),tank (armour),1
1712,tart (taste),gloomy,3
1713,taste (n.),aesthetic perception,8
1714,taste (n.),inclination to smth,11
1715,taste (n.),intellect,2
1716,taste (n.),"profit, gain (n.)",1
1717,taste (n.),smell (n.),4
1718,tasteless,boring,2
1719,tea,gratuity,1
1720,teacher,"doctor, physician",1
1721,term of address to a married woman,queen (playing card),1
1722,there,then,2
1723,thick,"bass, low-pitched voice",9
1724,thick,"dense, thick (liquid)",12
1725,thick,difficult,1
1726,thick,loud,1
1727,thick,"rough, uneven",1
1728,thick,strong (of liquid or smell),1
1729,thick,stupid,1
1730,thick,"thick (of a growth, hair)",4
1731,"thick (of a growth, hair)","bass, low-pitched voice",2
1732,"thick (of a growth, hair)",intensive,1
1733,thin (of an object),coward,1
1734,thin (of an object),"delicate, subtle (person, question etc.)",6
1735,thin (of an object),high-pitched,8
1736,thin (of an object),keen (of senses),1
1737,thin (of an object),light (of colour),1
1738,thin (of an object),sparse,2
1739,thin (of an object),young,1
1740,thing,genitalia,1
1741,"this way, like this",yes,3
1742,thousand,"many, much",4
1743,three times,very,2
1744,threshold,limit,2
1745,threshold,rapids,1
1746,throat,barrel (of a gun),1
1747,throat,branch (of a river),2
1748,throat,eater,1
1749,throat,mouth (of a river),3
1750,throat,neck (of bottle etc.),5
1751,throat,ravine,5
1752,thrush,coward,1
1753,tick (Acarina),castor bean (Ricinus communis),2
1754,tiger,"power, authority",1
1755,time,"one time, once",2
1756,tin (n.),cataract (of the eye),1
1757,tin (n.),"tin, can",5
1758,to accompany (music),to express agreement,1
1759,to ache,to run,1
1760,to add,"to inform, let know",1
1761,"to adorn, decorate",to boast,1
1762,"to adorn, decorate","to decorate, award",1
1763,"to adorn, decorate",to marry off (a daughter),1
1764,to anchor,to choose,1
1765,to answer,to be responsible for,4
1766,to answer,to correspond,21
1767,"to approach, come near",to begin (tr.),4
1768,"to approach, come near",to experience an orgasm,2
1769,to arrange into a line,poetry,2
1770,to ask (for),to ask for consent to marriage,1
1771,to ask (for),"to ask, inquire",11
1772,to ask (for),to pray,29
1773,"to ask, inquire",to teach,1
1774,"to ask, inquire",to torture,1
1775,to awaken,to cause,10
1776,to baptize,to dilute,2
1777,to bark (of a dog),to quarrel,18
1778,to bark (of a dog),to shout,1
1779,to bark (of a dog),to tell lie,4
1780,to be alike,to get along (with smb.),1
1781,to be angry,"to revolt, rebel",2
1782,to be ashamed,to respect,2
1783,to be at war,to quarrel,11
1784,to be awake,ambush,1
1785,to be awake,to guard,2
1786,to be born,"people, nation",2
1787,"to be busy, to act","commerce, business",5
1788,to be eager,to be jealous,2
1789,to be enough,to cost,1
1790,to be friends,to be keen of,1
1791,to be in time,to ripen,1
1792,to be keen of,to grow numb,1
1793,to be separated,to die,1
1794,"to beat, hit",to attack,5
1795,"to beat, hit",to be alike,3
1796,"to beat, hit",to be at war,1
1797,"to beat, hit",to be surprised,5
1798,"to beat, hit",to bite,3
1799,"to beat, hit",to break (tr.),5
1800,"to beat, hit","to castrate, geld",2
1801,"to beat, hit",to correspond,1
1802,"to beat, hit",to cough,2
1803,"to beat, hit",to cut (tr.),1
1804,"to beat, hit",to drink,6
1805,"to beat, hit",to felt,6
1806,"to beat, hit",to flow,1
1807,"to beat, hit",to forge,5
1808,"to beat, hit",to kill,18
1809,"to beat, hit","to mix, stir",1
1810,"to beat, hit",to move quickly,2
1811,"to beat, hit",to play (a musical instrument),12
1812,"to beat, hit",to sleep,2
1813,"to beat, hit",to sound,2
1814,"to beat, hit",to spawn,1
1815,"to beat, hit",to speak,2
1816,"to beat, hit",to steal,4
1817,"to beat, hit",to tell lie,3
1818,"to beat, hit",to understand,1
1819,"to beat, hit","to walk, wander",1
1820,"to beat, hit",to wash (clothes),2
1821,"to beat, hit",to win,16
1822,to become,"can, to be able",2
1823,to become curved,to be angry,1
1824,to become deaf,to fail (of engine),1
1825,to become dumb,to grow numb,1
1826,to become visible,to come,1
1827,to believe,to trust,3
1828,to bend,to deceive,2
1829,to bend,to subjugate,2
1830,to bend,"to swear, curse",1
1831,"to bend, bow (intr.)",tender (adj.),1
1832,"to bend, bow (intr.)",to be disposed towards,5
1833,"to bend, bow (intr.)",to decline from the route,1
1834,"to bend, bow (intr.)",to obey,2
1835,to bind,to depend,1
1836,to bind,to enter into a contract,1
1837,to bind,to oblige,2
1838,to bite,part,1
1839,to bite,to grieve (tr.),1
1840,to bite,to quarrel,2
1841,to blossom,to get mouldy (musty),2
1842,to blossom,to succeed,11
1843,to blow,"to beat, hit",1
1844,to blow,to deceive,1
1845,to blow,to speak,3
1846,to blow,to spread (intr.),1
1847,to blow off,to cancel,1
1848,to boil (intr.),"spring, fountain",1
1849,to boil (intr.),to be angry,8
1850,to boil (intr.),"to ferment, yeast",9
1851,to boil (intr.),to grow (plants),1
1852,to boil (intr.),"to worry, be agitated",14
1853,"to braid, plait, weave",to copulate,1
1854,"to braid, plait, weave",to tell lie,10
1855,to break (intr.),to be satisfied (sexually),1
1856,to break (tr.),split (gymnastics),1
1857,to break (tr.),to ache,4
1858,to break (tr.),to be reluctant,1
1859,to break (tr.),to change money,6
1860,to break (tr.),to confess,2
1861,to break (tr.),to depress,1
1862,to break (tr.),to dilute,1
1863,to break (tr.),to divide into several parts,4
1864,to break (tr.),to fold (cloth),1
1865,to break (tr.),to plough,1
1866,to break (tr.),to refute,1
1867,to break (tr.),"to slake (hunger, thirst)",1
1868,to break (tr.),to stop doing smth.,2
1869,to break (tr.),to subjugate,2
1870,to break (tr.),to win,4
1871,to breathe,to rest,19
1872,to breathe,wind,6
1873,to breathe heavily,to be ill,1
1874,to bridle,to subjugate,10
1875,to bring,to give birth,7
1876,to bring,to sacrifice (relig.),1
1877,to burn (intr.),angry,9
1878,to burn (intr.),passionate,1
1879,to burn (intr.),to be poisoned by fumes,1
1880,to burn (intr.),to fail,1
1881,to burn (intr.),to grieve (intr.),5
1882,to burn (intr.),to incur losses,4
1883,to burn (intr.),to itch,1
1884,to burn (intr.),to ripen,1
1885,to burn (intr.),to suffer,2
1886,to burn (tr.),frost,3
1887,"to burst, break",to die,2
1888,"to burst, break",to get angry,1
1889,to bury,"to destroy, annihilate",1
1890,to buy,to bribe,1
1891,"to cackle, to cluck",to speak,1
1892,"to calculate, count",to have opinion,40
1893,"to calculate, count",to take into account,11
1894,"to calculate, count",to tell,7
1895,"to call (somebody), to call for",to cost,1
1896,"to call (somebody), to call for",to make a telephone call,4
1897,"to call (somebody), to call for",to name,19
1898,to calm down,to pay,1
1899,to carry,pregnant,4
1900,to carry,to endure,11
1901,to carry,to lose,1
1902,"to castrate, geld",fat (adj.)(of a person),1
1903,to catch,to hunt,2
1904,to catch up,to find,1
1905,to catch up,to understand,3
1906,"to cause to want, desire",necessary,1
1907,to change (tr.),to be unfaithful (to one's husband or wife),1
1908,to change (tr.),to distract,1
1909,to change (tr.),to shed hair or feathers,1
1910,to change money,to change (tr.),1
1911,"to check, test",to feel (an emotion),2
1912,"to check, test","to fit, try on",2
1913,to chew,to explain,2
1914,to chew,to ignore,1
1915,to chew,to oppress,1
1916,to chew,to think,1
1917,to choke,to vomit,1
1918,to choose,good,1
1919,to clean,to baptize,1
1920,to clean,"to castrate, geld",2
1921,to clean,"to cure, treat (medically)",1
1922,to clean,to deceive,1
1923,to clean,"to destroy, annihilate",1
1924,to clean,to investigate,1
1925,to clean,to steal,2
1926,to clench fist,to roll up a trunk (of elephant),1
1927,to close one's eyes,to die,2
1928,to close one's eyes,to ignore,1
1929,to clothe,to saddle,1
1930,to come,must,1
1931,to come,to begin,12
1932,to come,"to get, obtain",3
1933,to come,to happen,3
1934,to come,to reach a state,2
1935,to come,to ripen,1
1936,to come,to think,2
1937,to conjure,"to charm, to delight",16
1938,to contain,to remember,2
1939,to cool down (intr.),to calm down,11
1940,to cool down (intr.),to die,1
1941,to copulate,to deceive,1
1942,to correct,"to cure, treat (medically)",1
1943,to cough,to fear,1
1944,to cover,to copulate,3
1945,to crackle,cartilage,2
1946,to crawl,snake,1
1947,to crawl,to be torn,1
1948,to croak,to predict misfortune,1
1949,to cut (tr.),poor,1
1950,to cut (tr.),quick,1
1951,to cut (tr.),spicy,1
1952,to cut (tr.),to begin (tr.),1
1953,to cut (tr.),"to calculate, count",2
1954,to cut (tr.),to copulate,1
1955,to cut (tr.),to cut off relationships,2
1956,to cut (tr.),to decide,14
1957,to cut (tr.),to dilute,5
1958,to cut (tr.),to hinder,2
1959,to cut (tr.),to kill,1
1960,to cut (tr.),to stop doing smth.,7
1961,to cut (tr.),to touch,1
1962,to cut (tr.),to turn sour,1
1963,to cut (tr.),to understand,1
1964,to cut (tr.),"to weaken, loosen",1
1965,to decline from the route,to tell lie,1
1966,"to decorticate, debark","to skin, flay",3
1967,to defecate,to slander,2
1968,to defecate,to waste,1
1969,to deprive,to steal,1
1970,"to destroy, annihilate",fighter plane,1
1971,"to destroy, annihilate",to blunt,1
1972,"to destroy, annihilate",to forgive,1
1973,to die,eclipse,3
1974,to die,paralyzed,1
1975,to die,to abate (about wind),1
1976,to die,to be extinguished (light),1
1977,to die,to fail (of engine),1
1978,to die,to grow numb,3
1979,to die,to set (of heavenly bodies),1
1980,to die,to spoil (intr.),1
1981,to die,to stop doing smth.,1
1982,to die,to want,4
1983,to dig,to find,2
1984,to dig,"to go, walk",1
1985,to dig,to kick,9
1986,to dig,to thrust (into),1
1987,to dilute,to deceive,1
1988,to disappear,to decide,1
1989,to disappear,to die,4
1990,to disappear,to spoil (intr.),1
1991,to dislocate (of a joint),to go mad,1
1992,to dissolve in liquid (tr.),to solve (a problem),7
1993,to divide into several parts,to analyse,2
1994,to do,to copulate,5
1995,to do,to cost,1
1996,to drag,"to charm, to delight",6
1997,to drag,to steal,7
1998,to draw water,to imitate,3
1999,to drill,pain,1
2000,to drink,to smoke (tobacco),6
2001,"to drive, to force to move on","to distill, retort",1
2002,"to drive, to force to move on",to drive (the car),6
2003,"to drive, to force to move on",to raft timber,1
2004,"to drive, to force to move on","to search, to look for",1
2005,"to drive, to force to move on",to tell lie,2
2006,to drop (of liquid),"to accuse, blame",2
2007,to dye,to boast,2
2008,to eat,to ache,2
2009,to eat,to be fed up with,2
2010,to eat,to consume,2
2011,to eat,to corrode,3
2012,to eat,"to destroy, annihilate",2
2013,to eat,to think,1
2014,to emit smoke,censer,1
2015,to emit smoke,to smoke (meat or fish),4
2016,to emit smoke,to smoke (tobacco),11
2017,"to encircle, surround",to understand,1
2018,"to end, finish",to die,8
2019,"to end, finish",to kill,11
2020,to enter,to become infected,1
2021,to enter,to begin (tr.),3
2022,to enter,to cost,1
2023,to enter,"to fall (of rain, snow)",2
2024,to enter,to flow into,2
2025,to enter,to shrink (of textile),1
2026,to extinguish,to close one's eyes,1
2027,to extinguish,"to destroy, annihilate",6
2028,to fall asleep,to be extinguished (light),2
2029,to fall asleep,to die,6
2030,to fall asleep,to go out (of fire),1
2031,to fall asleep,to grow numb,11
2032,to fall asleep,to ice over,2
2033,to fall down,autumn,1
2034,to fall down,cheap,3
2035,to fall down,to attack,4
2036,to fall down,to be born,1
2037,to fall down,to be keen of,4
2038,to fall down,to be related to,1
2039,to fall down,to be solved,1
2040,to fall down,to begin (tr.),1
2041,to fall down,to coincide,10
2042,to fall down,to come,1
2043,to fall down,to decrease drastically,15
2044,to fall down,to die,24
2045,to fall down,"to end, finish",1
2046,to fall down,"to fade, lose colour",2
2047,to fall down,to fail,7
2048,to fall down,"to fall (of rain, snow)",11
2049,to fall down,to fall to one's lot,1
2050,to fall down,to flow into,7
2051,to fall down,to happen,10
2052,to fall down,"to lie prostrate, as in reverence",1
2053,to fall down,to meet accidentally,1
2054,to fall down,to set (of heavenly bodies),8
2055,to fall down,to strike (of lightning),4
2056,to fall down,to suit (of clothes),4
2057,to fear,to turn sour,1
2058,to feed,to bribe,1
2059,to feed,to bring up,10
2060,to feed,"to gas (a car), to refuel",1
2061,to feel,to feel sorry,1
2062,to feel,to hear / to listen,15
2063,to feel,to perceive smell,2
2064,to feel pity,to be greedy,5
2065,to feel pity,to regret,2
2066,to feel pity,"to spare, to economize",2
2067,to fence,to defend,2
2068,"to fight, scuffle",to copulate,1
2069,to fill (tr.),pregnant,1
2070,to fill (tr.),to become infected,1
2071,to fill (tr.),to carry out,11
2072,to fill (tr.),"to end, finish",1
2073,to find,to give birth,2
2074,to find,to have opinion,11
2075,to find,"to learn, find out",1
2076,to find,to meet,6
2077,to find,to reach,1
2078,to fish,to flirt,1
2079,to float,cheerful mood,1
2080,to float,"to move smoothly, gently",2
2081,to float,to pass (of time),1
2082,to float,"to recall, recollect",1
2083,to float,to sway,1
2084,to flow,electricity,8
2085,to flow,meteor shower,1
2086,to flow,to crawl,2
2087,to flow,to pass (of time),5
2088,to fly,quick,1
2089,to fly,to break down,1
2090,to fly,"to escape, flee",1
2091,to fly away,"to evaporate, exhale",1
2092,to fly away,to feel pleasure,1
2093,to fly away,to go overripe,1
2094,"to freeze, be cold",to fear,2
2095,"to freeze, be cold","to worry, be agitated",1
2096,to gamble,to risk,1
2097,to get dry,to feel thirsty,4
2098,to get mouldy (musty),to be angry,1
2099,to get tired,to grow numb,1
2100,to get wet,"to bother, pester",1
2101,"to get, obtain","can, to be able",3
2102,"to get, obtain",must,3
2103,"to get, obtain",to become infected,17
2104,"to get, obtain",to contain,4
2105,"to get, obtain",to manage to do smth,1
2106,"to get, obtain",to receive visitors,5
2107,"to get, obtain",to wait,1
2108,"to get, obtain",to win,5
2109,to give,to let,20
2110,to give,to marry off (a daughter),2
2111,to give,to sell,1
2112,to give,to throw,1
2113,to give birth,to deceive,1
2114,to gnaw,"to carp, find faults",2
2115,to gnaw,to cause moral suffering,17
2116,to go after smb.,next,2
2117,to go after smb.,to act according to,35
2118,to go after smb.,to agree,1
2119,to go after smb.,to be adherent,5
2120,to go after smb.,to be alike,14
2121,to go after smb.,to copulate,1
2122,to go after smb.,to follow logically,9
2123,to go after smb.,"to help, aid",1
2124,to go after smb.,to read,1
2125,to go after smb.,to result in,1
2126,to go after smb.,"to watch, look after",8
2127,to go around,to deceive,2
2128,to go around,to defend,1
2129,to go away,to die,17
2130,to go away,to disappear,3
2131,to go away,to fall down,1
2132,to go away,to marry,1
2133,to go down,to appoint (to a position),1
2134,to go down,to become decrepit,2
2135,to go down,to begin,5
2136,to go down,to begin (tr.),1
2137,to go down,to die,1
2138,to go down,"to fall (of rain, snow)",2
2139,to go down,to get off a vehicle,8
2140,to go down,to go downstream,1
2141,to go down,"to humble, to abase",2
2142,to go down,to lack,1
2143,to go down,to set (of heavenly bodies),6
2144,to go down,to spoil (intr.),2
2145,to go down,to stop doing smth.,1
2146,to go mad,to be angry,3
2147,to go out,"to appear, emerge",3
2148,to go out,to disappear,1
2149,to go out,to dislocate (of a joint),2
2150,to go out,to earth up (plants),1
2151,to go out,"to fade, lose colour",2
2152,to go out,"to fall (of rain, snow)",2
2153,to go out,to follow logically,3
2154,to go out,to get immunity,1
2155,to go out,to go up,6
2156,to go out,to have relationships (romantic or sexual),2
2157,to go out,to result in,5
2158,to go out,to rise (of heavenly bodies),6
2159,to go out,to run out (of smth),4
2160,to go up,difficult,1
2161,to go up,to begin (tr.),2
2162,to go up,to get on a vehicle,5
2163,to go up,to rise (of heavenly bodies),3
2164,to go up,to stand up,5
2165,to go up,to stop (intr.),1
2166,to go up,to succeed,2
2167,to go upstream,to repatriate,1
2168,to go upstream,to struggle,1
2169,"to go, walk",to act,1
2170,"to go, walk",to copulate,2
2171,"to go, walk","to fall (of rain, snow)",7
2172,"to go, walk",to find,3
2173,"to go, walk",to make a move (in a game),2
2174,"to go, walk",to suit (of clothes),1
2175,"to grasp, seize",inclination to smth,1
2176,"to grasp, seize",to be enough,1
2177,"to grasp, seize",to begin (tr.),1
2178,"to grasp, seize","to care for, look after",1
2179,"to grasp, seize",to do,1
2180,"to grasp, seize",to eat,2
2181,"to grasp, seize","to learn, study",1
2182,"to grasp, seize","to light, to kindle (the fire)",1
2183,"to grasp, seize",to steal,5
2184,"to grasp, seize",to understand,41
2185,to greet,to kiss,3
2186,to grow (plants),to rise (of heavenly bodies),3
2187,to guess,to understand,1
2188,to hang,to be suspended,2
2189,to hang,to depend,5
2190,to hang,to weigh (intr.),1
2191,to harness,to force to work,4
2192,to have smell,to indicate something bad,6
2193,to have smell,to smell bad,6
2194,to hear,rumour,2
2195,to hear,"to learn, find out",1
2196,to hear,"to watch, look after",1
2197,to hear,witness,1
2198,to hear / to listen,to know,36
2199,to hear / to listen,to obey,104
2200,to hear / to listen,to understand,32
2201,to heat up,"to beat, hit",3
2202,to heat up,to deceive,3
2203,to hew,to object,2
2204,to hide (tr.),"to hug, embrace",1
2205,to hide (tr.),to steal,4
2206,to hit the target,to guess,4
2207,to hold (in hands),to build,3
2208,to hold (in hands),"to coagulate, curdle",2
2209,to hold (in hands),to contain,7
2210,to hold (in hands),to defend,1
2211,to hold (in hands),to have opinion,6
2212,to hold (in hands),to promise,1
2213,to hold (in hands),to suffer from rheumatism,1
2214,to hunt,fighter plane,10
2215,to hunt,to flirt,1
2216,"to inform, let know","to accuse, blame",1
2217,to insert,to meet,1
2218,to itch,to be angry,1
2219,to itch,to want,2
2220,to join together (tr.),poetry,2
2221,to joke,simple,2
2222,to judge,"to govern, control, rule",3
2223,to kick,to dig,1
2224,to kill,to exhaust,1
2225,to kill,to extinguish,1
2226,to kill,to hunt,2
2227,to kiss,to copulate,1
2228,to kiss,to sting,1
2229,to knock,"to inform, let know",3
2230,to knock down,to depress,1
2231,to knock down,to suppress,1
2232,to know,poetry,1
2233,to know,to copulate,3
2234,to know,to feel,1
2235,to know,to know how,15
2236,to know,to practice witchcraft,3
2237,to know,to understand,9
2238,to know how,"can, to be able",1
2239,to lead,to cause,10
2240,to lead,to drive (the car),3
2241,to lead,"to govern, control, rule",8
2242,to lead,to marry,2
2243,to lean on/against,to endure,2
2244,to leave,to begin,1
2245,to leave,to forgive,1
2246,to leave,to let,8
2247,to leave,to lose,1
2248,to leave behind,to win,1
2249,to lengthen,to dilute,2
2250,"to let, leave",to stop doing smth.,1
2251,to lie (posture),to be situated,10
2252,to lie (posture),to copulate,9
2253,to lie down,to set (of heavenly bodies),2
2254,"to light, to kindle (the fire)",to be resurrected,1
2255,"to light, to kindle (the fire)",to provoke,7
2256,"to light, to kindle (the fire)",to shoot,3
2257,to listen,to keep silent,1
2258,to listen,"to learn, study",1
2259,to live,food,2
2260,to live,"property, possessions",1
2261,to look,to depend,1
2262,to look asquint,to disapprove,1
2263,to look inside,to understand,1
2264,to lose,to be defeated,9
2265,to lose,to forget,1
2266,to lose one's way,to menstruate,1
2267,to love,any,1
2268,to love,to kiss,2
2269,"to lower, put down","to beat, hit",1
2270,"to lower, put down","to disgrace, dishonor",2
2271,"to lower, put down",to stop doing smth.,1
2272,to make a hole,to grow (plants),1
2273,to make a hole,to rise (of heavenly bodies),1
2274,"to make a mistake, be wrong",to sin,6
2275,"to make alive, to give life","to cure, treat (medically)",1
2276,"to make alive, to give life","to repaire, to mend",1
2277,"to make big, large",to bring up,1
2278,"to make common, shared by several people","to inform, let know",1
2279,to make deaf,"to stun, to knock out",4
2280,to make empty,to forgive,1
2281,to make hard,"to learn, study",1
2282,to make noise,to quarrel,6
2283,to make noise,to speak,4
2284,to make noise,"to worry, be agitated",1
2285,to make real,to understand,4
2286,to make sausage,to kill,1
2287,to make scratches,"to draw, paint",5
2288,to make scratches,to write,3
2289,to make sit,to imprison,4
2290,to make sit,to marry off (a daughter),1
2291,to make sit,"to plant, put (a seed or plant) in the ground",6
2292,to make soft,to persuade,1
2293,"to make, create",to give birth,3
2294,to meet,to happen,4
2295,to meet (each other),to quarrel,1
2296,to milk,to derive profit,1
2297,to milk,to extort (money from smb.),5
2298,to milk,to spawn,2
2299,to mill,"to destroy, annihilate",2
2300,to mill,to eat,1
2301,to mill,"to learn, study",1
2302,to mill,to oppress,1
2303,to mill,to purr,1
2304,to mill,to talk nonsense,4
2305,to miss the target,to break deadline,1
2306,"to mix, stir",to confuse (with),6
2307,"to mix, stir",to hinder,6
2308,"to mix, stir",to involve,1
2309,"to mix, stir",to make disordered,2
2310,"to mix, stir","to revolt, rebel",3
2311,"to mix, stir",to spoil (tr.),2
2312,"to mix, stir",to swim,1
2313,"to mix, stir",to waste,1
2314,"to mix, stir","to worry, be agitated",7
2315,to move,to go mad,1
2316,to move,to make a move (in a game),2
2317,to move away,"to destroy, annihilate",5
2318,to move away,to kill,2
2319,to move quickly,to become ready (of food),1
2320,to move quickly,"to care for, look after",1
2321,"to move, to shift, to transfer",to translate,3
2322,to nail,to crucify,2
2323,to nail,to stare,1
2324,to neigh,to laugh,10
2325,to nomadize,to make a move (in a game),2
2326,to open (tr.),to begin (tr.),3
2327,to open (tr.),to explain,2
2328,to open (tr.),to find,2
2329,to open (tr.),to judge,1
2330,to open (tr.),"to learn, find out",5
2331,to open (tr.),"to occupy, to conquest (territory)",1
2332,to open (tr.),to rest,1
2333,to open (tr.),to switch on,3
2334,to open (tr.),to waste,1
2335,to pass by,"to fade, lose colour",2
2336,to pass by,to happen,2
2337,to pass by,to pass (of time),12
2338,to pass by,to stop feeling pain,1
2339,"to penetrate, get into",to understand,2
2340,to perceive smell,to have smell,8
2341,to perceive smell,to know,1
2342,to pierce,to choose,1
2343,to pierce,to copulate,1
2344,to pinch,to offend (tr.),1
2345,to pinch,to steal,1
2346,to play (a musical instrument),to practice witchcraft,1
2347,to play (intr.),joke,5
2348,to play (intr.),to speak,4
2349,to pour,"to beat, hit",1
2350,to practice witchcraft,"to make, create",1
2351,to practice witchcraft,to prevent,1
2352,to pray,mantis,1
2353,"to precede, come first","to go forward, advance",1
2354,"to present, gift",to deceive,1
2355,"to present, gift",to promise,1
2356,to press down,brave,1
2357,to press down,"to approach, come near",2
2358,to press down,"to hatch out, brood",1
2359,to press down,to hide (tr.),1
2360,to press down,to make do smth.,1
2361,to press down,to oppress,12
2362,to press down,to print,5
2363,to press down,"to restrain, control one’s feelings",4
2364,to press down,to suck,1
2365,to press down,to visit,1
2366,to prop up,"to help, aid",16
2367,to pull hair,"to fight, to be at war",1
2368,to pull up (a plant),"to destroy, annihilate",3
2369,"to pull, to draw",to be alike,2
2370,"to pull, to draw","to beat, hit",3
2371,"to pull, to draw",to build,1
2372,"to pull, to draw",to compete (with smn.),3
2373,"to pull, to draw","to distill, retort",1
2374,"to pull, to draw",to distort,1
2375,"to pull, to draw",to draw (an official paper),2
2376,"to pull, to draw","to draw, paint",3
2377,"to pull, to draw",to drink,3
2378,"to pull, to draw",to endure,1
2379,"to pull, to draw","to get a cramp, spasm",1
2380,"to pull, to draw","to govern, control, rule",1
2381,"to pull, to draw",to last,2
2382,"to pull, to draw",to make a move (in a game),2
2383,"to pull, to draw",to milk,2
2384,"to pull, to draw",to row (with oars),2
2385,"to pull, to draw",to shrink (of textile),1
2386,"to pull, to draw","to slow, linger",12
2387,"to pull, to draw","to smear, anoint",1
2388,"to pull, to draw",to smoke (tobacco),8
2389,"to pull, to draw",to thresh (grain),2
2390,"to pull, to draw",to torture,1
2391,to pursue,"to care for, look after",1
2392,to push,to bribe,1
2393,to put,to bake,1
2394,to put,to build,6
2395,to put,to bury,2
2396,to put,"to castrate, geld",2
2397,to put,to decide,1
2398,to put,to defecate,2
2399,to put,"to establish, found",3
2400,to put,to give birth,2
2401,to put,to have opinion,1
2402,to put,to leave,3
2403,to put,"to let grow (of beard, moustaches, hairs)",1
2404,to put into,to bribe,2
2405,to put into,to eat,1
2406,to put into the ground,to bury,10
2407,to put out,to subtract,1
2408,to put out,to tell,1
2409,to put shoes on,to deceive,2
2410,to put together,to reconcile,1
2411,"to raise, lift (tr.)",pregnant,1
2412,"to raise, lift (tr.)",to abolish,12
2413,"to raise, lift (tr.)",to awaken,7
2414,"to raise, lift (tr.)",to begin (tr.),1
2415,"to raise, lift (tr.)",to bring into discussion,3
2416,"to raise, lift (tr.)",to bring up,4
2417,"to raise, lift (tr.)",to build,17
2418,"to raise, lift (tr.)","to discharge, dismiss",1
2419,"to raise, lift (tr.)","to end, finish",2
2420,"to raise, lift (tr.)",to feel sick,2
2421,"to raise, lift (tr.)","to grasp, seize",1
2422,"to raise, lift (tr.)",to plough,1
2423,"to raise, lift (tr.)",to praise,3
2424,"to raise, lift (tr.)","to present, gift",3
2425,"to raise, lift (tr.)",to record,1
2426,to reach,"can, to be able",2
2427,to reach,must,1
2428,to reach,to be enough,6
2429,to reach,to become ready (of food),3
2430,to reach,"to get, obtain",5
2431,to reach,to mature,6
2432,to reach,to ripen,3
2433,to read,to scold,1
2434,to refuse,"to hate, to dislike",1
2435,to rein in,"to restrain, control one’s feelings",2
2436,"to remain, stay",corpse,1
2437,"to remain, stay",to stop doing smth.,2
2438,to remind,to be alike,7
2439,to repeat,"to learn, study",1
2440,to repeat,to tell,2
2441,to respect,"to treat, regale",3
2442,to rest,to die,4
2443,to rest,to stop doing smth.,2
2444,to result in,child (son or daughter),1
2445,to return (intr.),to become,3
2446,to return (intr.),to visit,1
2447,to return (tr.),to answer,8
2448,to revere,to keep the fast,1
2449,"to ride (e.g., a horse)",to copulate,5
2450,to ripen,ready,1
2451,to rise (of heavenly bodies),east,2
2452,to rivet,to work carelessly,2
2453,to rotate (tr.),to ache,1
2454,to rotate (tr.),to dislocate (of a joint),1
2455,to rotate (tr.),to torture,1
2456,to row (with oars),to be sleepy,1
2457,to row (with oars),to fly,2
2458,to rub,to wash (clothes),1
2459,to run,to defecate,1
2460,to run,to happen,1
2461,to run,to result in,1
2462,to run out (of smth),"to charm, to delight",1
2463,to sail,to drive (the car),3
2464,to sail,to fly,7
2465,to sail,to soar,5
2466,to sail into harbour,to copulate,1
2467,to saw,to bite,1
2468,to saw,"to vex, exasperate",1
2469,to scratch (when itches),to quarrel,2
2470,to scratch (with nails),to run away,1
2471,"to search, to look for",to ask (for),18
2472,"to search, to look for",to investigate,11
2473,"to search, to look for","to try, to attempt",18
2474,to see/to look at,to acquire,1
2475,to see/to look at,to act according to,8
2476,to see/to look at,"to beware, be careful",5
2477,to see/to look at,"to care for, look after",27
2478,to see/to look at,"to check, test",2
2479,to see/to look at,to find,4
2480,to see/to look at,to foresee,1
2481,to see/to look at,to guard,1
2482,to see/to look at,to have an appearance,3
2483,to see/to look at,to have experience,8
2484,to see/to look at,to have opinion,21
2485,to see/to look at,to investigate/examine,4
2486,to see/to look at,to know,5
2487,to see/to look at,to like,1
2488,to see/to look at,to meet,15
2489,to see/to look at,"to search, to look for",9
2490,to see/to look at,to tell a person's fortune,3
2491,to see/to look at,"to try, to attempt",7
2492,to see/to look at,to understand,17
2493,to see/to look at,to visit,4
2494,to see/to look at,to wait,14
2495,to seem,to boast,1
2496,to seem,to please,1
2497,to sell,to betray,1
2498,to separate,to decide,3
2499,to separate,to turn off,1
2500,to set upright,to stop doing smth.,4
2501,to shake,"to beat, hit",3
2502,to shake,to distort,1
2503,to shake,to speak,1
2504,to shake off,to get rid of,1
2505,to shave,to deceive,2
2506,to shave,to draft (for the army),1
2507,to shave,"to enculturate, civilize",1
2508,to shear,to deceive,2
2509,to shear,"to destroy, annihilate",2
2510,to shear,to move ears (of animal),2
2511,to shine,to laugh,1
2512,to shine,to seem,1
2513,"to shine, glitter",to become visible,1
2514,"to shine, glitter",to boast,1
2515,"to shine, glitter",to palpitate,1
2516,to shoot,shuttle (weaving instrument),1
2517,to shoot,to ask (for),1
2518,to shoot,"to discharge, dismiss",2
2519,to shoot,to shock (of electric current),1
2520,to shoot,to strike (of lightning),2
2521,to shoot,to tell lie,1
2522,to shout,"to call (somebody), to call for",2
2523,to shout,"to cry, weep",7
2524,"to show, indicate",to teach,4
2525,to shrink,to understand,1
2526,"to shut, to close",to deceive,1
2527,"to shut, to close",to extinguish,1
2528,"to shut, to close",to ignore,1
2529,to sing,rooster,1
2530,to sing,shaman,1
2531,to sing,to conjure,3
2532,to sing,to glorify,16
2533,to sink (tr.),"to conceal, make secret",1
2534,to sink into,to set (of heavenly bodies),8
2535,to sit,to be imprisoned,2
2536,to sit,to be situated,4
2537,to sit,to give birth,1
2538,to sit,"to inhabit, live",10
2539,to sit down,to set (of heavenly bodies),5
2540,to sit down,to shrink (of textile),2
2541,to sit down,to stop doing smth.,1
2542,"to skin, flay",to rob,2
2543,to sleep,motionless,1
2544,to sleep,temple (region of skull),3
2545,to sleep,to copulate,7
2546,to slide,to fail,1
2547,to slide,"to make a mistake, be wrong",1
2548,to slide,to shirk,1
2549,"to smear, anoint","to adorn, decorate",2
2550,"to smear, anoint","to beat, hit",4
2551,"to smear, anoint",to bribe,16
2552,"to smear, anoint",to clean,2
2553,"to smear, anoint","to cure, treat (medically)",1
2554,"to smear, anoint",to deceive,3
2555,"to smear, anoint","to disgrace, dishonor",1
2556,"to smear, anoint",to spit,1
2557,to smell bad,"polecat, ferret (Mustela putorius)",1
2558,to smell bad,to quarrel,2
2559,to smile,to please,5
2560,to smooth,to lick,1
2561,"to soil, make dirty","to disgrace, dishonor",12
2562,"to soil, make dirty",to waste,1
2563,to sow,to drop (of liquid),2
2564,to sow,to inoculate,1
2565,to sow,to invest,2
2566,to sow,to lose,2
2567,to speak,to correspond,1
2568,to speak,to give orders,7
2569,to speak,to have opinion,4
2570,to speak,to live,1
2571,to speak,to promise,1
2572,to speak,to quarrel,1
2573,to speak,to read,2
2574,to spit,to bless,1
2575,to spit,to despise,2
2576,to spoil (intr.),to grieve (intr.),1
2577,to spoil (tr.),to deflorate,2
2578,to spoil (tr.),to pamper,3
2579,to spoil (tr.),"to put the evil eye (on), to bedevil",2
2580,to spoil (tr.),to win,1
2581,"to spring, jump",to attack,1
2582,"to spring, jump","to be better than, to surpass",1
2583,"to spring, jump",to copulate,1
2584,"to spring, jump",to dance,13
2585,"to spring, jump",to rise (of heavenly bodies),1
2586,"to spring, jump",to shrink (of textile),2
2587,"to spring, jump","to skip over, overlook",1
2588,to sprinkle,to cut (tr.),1
2589,to sprinkle,to run,4
2590,to stand,to be situated,5
2591,to stand,"to be, to take place",2
2592,to stand,to become,2
2593,to stand,to befit,1
2594,to stand,to consist of,1
2595,to stand,to cost,5
2596,to stand,to depend,1
2597,to stand,to get tired,2
2598,to stand,"to help, aid",1
2599,to stand,to stop (intr.),2
2600,to stand up,to be resurrected,3
2601,to stand up,to happen,1
2602,to stand up,"to revolt, rebel",9
2603,to stand up,to stop moving,1
2604,to steal,to take,1
2605,to step on,to attack,2
2606,to step on,to begin,2
2607,"to stick (to a surface), to adhere",greedy,1
2608,"to stick (to a surface), to adhere",to become infected,1
2609,"to stick (to a surface), to adhere","to bother, pester",3
2610,"to stick (to a surface), to adhere",to flirt,2
2611,to sting,to induce,2
2612,to strain,to grieve (tr.),2
2613,to strain,to prepare,1
2614,to strew,"rash, eruption",1
2615,to strew,to hinder,1
2616,to struggle,ruff (bird),4
2617,to stumble,"to make a mistake, be wrong",1
2618,to swallow,quinsy,1
2619,to sway,to avoid,1
2620,to sway,to doubt,13
2621,to sway,"to walk, wander",4
2622,to sway,"to worry, be agitated",7
2623,to swear (an oath),"to swear, curse",9
2624,to sweat,"to worry, be agitated",1
2625,to sweep,to distract,1
2626,to sweep,to refuse,1
2627,to swell up,to be angry,4
2628,to swell up,to swagger,2
2629,to swim,to climb,1
2630,to take,to bring to order,1
2631,to take,to buy,14
2632,to take,"to ferment, yeast",1
2633,to take,to marry,5
2634,to take,to subtract,3
2635,to take off (tr.),to move away,2
2636,to take out,"to distill, retort",1
2637,to take prisoner,"to charm, to delight",6
2638,to tame,to kill,1
2639,to taste,to feel (an emotion),10
2640,to taste,to like,1
2641,to teach,to punish,2
2642,"to tear off, peel off","to carp, find faults",1
2643,"to tear off, peel off",to make empty,1
2644,"to tear, rend",to eat,1
2645,"to tear, rend",to flog,1
2646,"to tear, rend",to move quickly,2
2647,"to tear, rend",to vomit,1
2648,to tell,to ask for consent to marriage,1
2649,to tell,to like,1
2650,to tell,to name,1
2651,to tell a person's fortune,"to loaf, do nothing",1
2652,to think,to grieve (intr.),2
2653,to think,to intend,12
2654,to think,"to recall, recollect",5
2655,to throw,"to accuse, blame",2
2656,to throw,to begin,1
2657,to throw,to cast out,2
2658,to throw,to copulate,1
2659,to throw,"to draw, paint",1
2660,to throw,to kick,1
2661,to throw,to run,1
2662,to throw,to shoot,11
2663,to throw,to speak,2
2664,to throw,"to spring, jump",1
2665,to throw,to stop doing smth.,8
2666,to throw,to tell lie,1
2667,to throw,to winnow,1
2668,to thrust (into),to ache,10
2669,to thrust (into),"to butt, to hit with the horns",3
2670,to thrust (into),to practice witchcraft,1
2671,to thrust (into),to quarrel,1
2672,to tickle,to make noise,2
2673,to tie,strong,1
2674,to tie,to begin (tr.),6
2675,to tie,"to conceive, to become pregnant",1
2676,to tie,to form the fruit (of plant),1
2677,to tie,to stop doing smth.,3
2678,to tin,"to disgrace, dishonor",2
2679,to touch,to be related to,4
2680,to touch,to become infected,2
2681,to touch,to cause to moving,1
2682,to touch,"to communicate, be on friendly terms",1
2683,to touch,to evoke (a feeling),7
2684,to touch,to hit the target,1
2685,to touch,to offend (tr.),4
2686,to touch,to reach,4
2687,to touch,"to soil, make dirty",1
2688,to transit,to become,3
2689,to transit,to infringe,1
2690,to transit,"to surpass, exceed",1
2691,to transit,to win,1
2692,to tread,to copulate,7
2693,to tread,"to destroy, annihilate",1
2694,to tread,to infringe,1
2695,to tread,to oppress,2
2696,to tread,to thresh (grain),3
2697,to tremble,to fear,19
2698,"to try, to attempt","to fit, try on",1
2699,to turn back to look at smth.,to return (intr.),1
2700,to turn over,to fail,1
2701,to turn round,"to appear, emerge",1
2702,to turn sour,to grieve (intr.),4
2703,"to turn, rotate (intr.)","to address (someone), to speak (to someone)",1
2704,"to turn, rotate (intr.)",to become,15
2705,"to turn, rotate (intr.)",to feel dizzy,6
2706,"to turn, rotate (intr.)",to return (intr.),5
2707,"to turn, rotate (intr.)",to stop doing smth.,2
2708,"to turn, rotate (tr.)",to change (tr.),3
2709,"to turn, rotate (tr.)",to distort,2
2710,"to turn, rotate (tr.)","to govern, control, rule",1
2711,"to turn, rotate (tr.)",to invest,1
2712,"to turn, rotate (tr.)",to translate,6
2713,to understand,to obey,1
2714,to undress (intr.),to challenge,1
2715,to undress (tr.),to rob,3
2716,to undress (tr.),"to skin, flay",2
2717,"to unfold, unwind",to create a text,1
2718,"to unfold, unwind",to develop,6
2719,"to unfold, unwind",to go after smb.,1
2720,"to untie, unbind",to begin (tr.),1
2721,"to untie, unbind",to explain,9
2722,"to untie, unbind",to forgive,1
2723,"to untie, unbind",to let,1
2724,"to untie, unbind",to set free,9
2725,"to untie, unbind",to solve (a problem),18
2726,"to untie, unbind",to stop doing smth.,2
2727,to use,to employ,1
2728,to vomit,"to swear, curse",1
2729,to wait,"to care for, look after",6
2730,to wait,to need,1
2731,to wake up (intr.),to erupt,1
2732,"to walk, wander",to be engaged in commerce,1
2733,"to walk, wander",to fornicate,4
2734,"to walk, wander",to visit,1
2735,to want,to fornicate,1
2736,to want,to hunt,1
2737,to warm up,"to beat, hit",1
2738,to wash,to celebrate,1
2739,to wave (of water),"to worry, be agitated",9
2740,to weaken (intr.),purgative (medicine),1
2741,to weaken (intr.),to get drunk,1
2742,to weaken (intr.),to get tired,1
2743,"to weaken, loosen",to fold (cloth),1
2744,to weigh (intr.),to think,8
2745,"to wet, moisten","to beat, hit",1
2746,"to wet, moisten",to dye,3
2747,to whet,to improve,5
2748,to wipe,to abolish,1
2749,to work,to give birth,4
2750,to wound (tr.),to offend (tr.),12
2751,to write,"to learn, study",1
2752,toad,moon,1
2753,tongue (body part),cape,2
2754,tongue (body part),captive,2
2755,tongue (body part),gulf,2
2756,tongue (body part),"salient part, ledge",2
2757,tongue (body part),speech,11
2758,tongue (body part),string (of a musical instrument),1
2759,tooth,blade,1
2760,tooth,clove (of a garlic),2
2761,tooth,"clove, segment",2
2762,tooth,horn,9
2763,tooth,"rock, crag, cliff",1
2764,tooth,"salient part, ledge",10
2765,tooth,scissors,1
2766,tooth,tentacle (of animals),1
2767,tooth,thorn,1
2768,top,east,1
2769,top,eminent man,1
2770,torso,person,1
2771,"tortoise, turtle",Gemini (constellation),1
2772,"tortoise, turtle",cuckold,1
2773,touched,insane,2
2774,tower,prison,1
2775,toy,flower,2
2776,transparent,comprehensible,10
2777,tree,coffin,3
2778,tree,spear,2
2779,trench,afterbirth,1
2780,tribe,kind (n.),3
2781,tribunal,territorial entity,1
2782,troop (of animals),common minnow,1
2783,trough,river-bed,5
2784,truffle,potato,1
2785,trumpet,"trunk, proboscis (of elephant)",2
2786,trunk (of a tree),barrel (of a gun),4
2787,trunk (of a tree),tribe,1
2788,"trunk, proboscis (of elephant)",tendril (of plant),1
2789,turbid,to feel sick,1
2790,turmeric (Curcuma),yellow,1
2791,umbrella,circular halo,1
2792,umbrella,parachute,7
2793,uncle,woodland spirit,1
2794,uncle (father's brother),bear (Ursus),1
2795,"underground, subterranean",illegal,6
2796,"underground, subterranean",secret,2
2797,unhappy,leper,1
2798,unhappy,lovely,1
2799,uninhabited (place),monastery,1
2800,union,(masonry) mortar,1
2801,unit of length,index finger,1
2802,unripe (fruit),young,8
2803,upper arm,cock (of a gun),1
2804,upper reach (of river),south,1
2805,urban,cultivated (of person),1
2806,urine,child (son or daughter),1
2807,vagina,girl,1
2808,vagina,womb,2
2809,vehicle,"many, much",3
2810,vehicle,shaman hand drum,1
2811,vessel,ability,1
2812,vessel,blood vessel,11
2813,vessel,"property, possessions",2
2814,violent,bear (Ursus),1
2815,voice,vote,3
2816,vulture,police officer,1
2817,waist,girth,1
2818,warm,calm,1
2819,warm,drunk,4
2820,warm,effeminate,1
2821,warm,"friendly, amicable",11
2822,warm,gay,2
2823,warp,basis,3
2824,warp,longitude,1
2825,wasp,hornet,2
2826,water,Mercury,1
2827,water,kind (n.),1
2828,water-melon (Cucurbita citrullus),buttock,1
2829,wax,yellow,2
2830,weak,bad,7
2831,weak,coward,1
2832,weak,inclination to smth,3
2833,weak,not strong (of liquid or smell),3
2834,weak,poor,3
2835,weak,rare,3
2836,weak,stupid,4
2837,weed,cannabis,2
2838,"weft, woof",latitude,1
2839,well-being,"property, possessions",1
2840,wet,good,3
2841,wet,"inert, passive",1
2842,wet,"lavish, generous",1
2843,wet,weak,3
2844,wet,whore,1
2845,whale,big,1
2846,wheel,vehicle,3
2847,wheeze,radiointerference,1
2848,when,if,3
2849,whisper,intrigue,1
2850,white,American,1
2851,white,Boletus edulis,1
2852,white,"albugo, wall-eye",2
2853,white,bare (feet),1
2854,white,beautiful,1
2855,white,bed-clothes,1
2856,white,blank,3
2857,white,innocent,1
2858,white,leprosy,2
2859,white,pure,1
2860,white,sober,1
2861,white,underwear,1
2862,"wide, broad",big,1
2863,width,latitude,1
2864,wife,queen (playing card),1
2865,"wild, untamed",bad,3
2866,"wild, untamed",barren (of animals),1
2867,"wild, untamed",impulsive,9
2868,"wild, untamed",predator,1
2869,"wild, untamed","rude, impolite",21
2870,"wild, untamed",shy,18
2871,"wild, untamed",very,8
2872,"wild, untamed",violent,15
2873,will,love,3
2874,will,will (legal document),1
2875,willow,poplar (Populus alba),3
2876,wind,anger,1
2877,wind,disease,4
2878,wind,flatus,3
2879,wind,quick,1
2880,wind,rumour,2
2881,wind,sail (n.),1
2882,wind,soul,1
2883,wine,brown,1
2884,wing,fin,19
2885,wing,flank (military),10
2886,wing,"leaf (of door, window)",4
2887,wing,oar,1
2888,wing,outbuilding,3
2889,wing,sail (n.),2
2890,wing,side (n.),2
2891,wing,to defend,1
2892,winnowing fan,fan (hand-held),1
2893,winter,North,2
2894,winter,"mist, fog",2
2895,winter,year,6
2896,wire (n.),telegram,1
2897,"witch, sorceress",butterfly,5
2898,"witch, sorceress",ladybird,1
2899,with exception of,in addition to,2
2900,witness,martyr,4
2901,"wizard, magician","doctor, physician",1
2902,"wizard, magician",fraudster,1
2903,wolf,pike (fish),1
2904,wolf,poisonous,1
2905,woman,Aloe vera (plant),3
2906,woman,sheaf,2
2907,womb,origin,1
2908,womb,relative (n.),1
2909,womb,to feel pity,1
2910,wood shavings,dandelion,1
2911,"wood, timber",Jupiter,1
2912,"wood, timber",substance,2
2913,wooden object,bastard,1
2914,wooden object,pack of cards,2
2915,woodland spirit,tiger,1
2916,woodpecker,trigger (of a gun),1
2917,word,speech,22
2918,word,thing,5
2919,word,verb,6
2920,work (n.),thing,1
2921,world,people (pl.),3
2922,worm,ant,1
2923,worm,caterpillar,1
2924,yam,potato,1
2925,yam,sweet potato (Ipomoea batatas),3
2926,"yard, courtyard",court (of a sovereign),5
2927,"yard, courtyard",diaphragm,1
2928,"yard, courtyard",palace,1
2929,yellow,hepatitis,4
2930,yesterday,recently,1
2931,yoke,unit of area,1
2932,yoke,yoke (figuratively),14
2933,yolk,centre,1
2934,young,brave,2
2935,young,newlywed,1
2936,young man,soldier,2
2937,younger brother,bear (Ursus),1
2938,younger brother,husband,1
2939,younger brother,owner,1
2940,zebra,pedestrian crossing,4
